/* PHP PV - Backup MySQL Database for table [contact]
 Current time: 05:59:01 18/06/2013

 */
CREATE TABLE `contact` (
  `id` int(11) NOT NULL AUTO_INCREMENT,
  `name` varchar(1000) NOT NULL,
  `address` varchar(1000) DEFAULT '[No address]',
  `subject` varchar(1000) NOT NULL,
  `content` varchar(1000) NOT NULL,
  `ip` varchar(40) NOT NULL,
  `time` varchar(100) NOT NULL,
  PRIMARY KEY (`id`)
) ENGINE=MyISAM DEFAULT CHARSET=utf8;




/* PHP PV - Backup MySQL Database for table [database_1]
 Current time: 05:59:01 18/06/2013

 */
CREATE TABLE `database_1` (
  `sbd` varchar(10) NOT NULL,
  `hsname` varchar(255) NOT NULL,
  `class` varchar(10) NOT NULL,
  `sid1` varchar(10) NOT NULL,
  `md_sid1` varchar(10) DEFAULT NULL,
  `sid2` varchar(10) NOT NULL,
  `md_sid2` varchar(10) DEFAULT NULL,
  PRIMARY KEY (`sbd`)
) ENGINE=MyISAM DEFAULT CHARSET=utf8;

INSERT INTO database_1 VALUES("200008","LÊ NGUYỄN HỒNG ÂN","11 TH2","7.2","127","8.4","908");
INSERT INTO database_1 VALUES("200009","TRƯƠNG TIẾN BÁCH","11 TH2","6.8","127","7.2","908");
INSERT INTO database_1 VALUES("200031","VÕ MINH CHÂU","11 TH2","6.0","456","7.6","955");
INSERT INTO database_1 VALUES("200038","TRƯƠNG CÔNG DANH","11 TH2","4.4","246","2.4","917");
INSERT INTO database_1 VALUES("200053","VÕ NHẬT DUY","11 TH2","6.8","321","6.8","949");
INSERT INTO database_1 VALUES("200057","HUỲNH PHAN ÁNH DUYÊN","11 TH2","8.4","127","7.2","908");
INSERT INTO database_1 VALUES("200073","PHẠM TIẾN ĐẠT","11 TH2","5.6","456","6.0","955");
INSERT INTO database_1 VALUES("200144","NGUYỄN THỊ NHƯ HUỲNH","11 TH2","7.2","127","4.0","908");
INSERT INTO database_1 VALUES("200159","DIỆP ÁI KHÁNH","11 TH2","4.8","456","6.8","955");
INSERT INTO database_1 VALUES("200161","NGÔ HUỲNH NGỌC KHÁNH","11 TH2","10.0","127","8.8","908");
INSERT INTO database_1 VALUES("200190","TRẦN THỊ NGỌC LOAN","11 TH2","4.8","246","6.4","917");
INSERT INTO database_1 VALUES("200191","VÕ THỊ QUỲNH LOAN","11 TH2","3.2","456","6.4","949");
INSERT INTO database_1 VALUES("200222","PHẠM TRÍ NGHĨA","11 TH2","6.8","456","6.4","955");
INSERT INTO database_1 VALUES("200224","LÂM HỒNG NGỌC","11 TH2","9.2","246","8.0","917");
INSERT INTO database_1 VALUES("200255","NGUYỄN THỊ YẾN NHƯ","11 TH2","5.6","456","5.6","955");
INSERT INTO database_1 VALUES("200259","NGUYỄN HỮU PHÁN","11 TH2","4.8","246","5.2","917");
INSERT INTO database_1 VALUES("200275","VÕ THỊ TUYẾT QUA","11 TH2","8.0","321","5.6","949");
INSERT INTO database_1 VALUES("200276","LƯƠNG ĐÌNH QUANG","11 TH2","7.2","246","4.8","917");
INSERT INTO database_1 VALUES("200286","NGUYỄN VƯƠNG HẠ QUỲNH","11 TH2","5.6","321","3.6","949");
INSERT INTO database_1 VALUES("200293","PHẠM XUÂN SƠN","11 TH2","4.4","127","5.6","908");
INSERT INTO database_1 VALUES("200296","NGUYỄN THỊ THU SƯƠNG","11 TH2","7.2","246","5.6","917");
INSERT INTO database_1 VALUES("200301","PHAN CHÍ TÀI","11 TH2","8.4","321","8.0","949");
INSERT INTO database_1 VALUES("200308","HUỲNH TẤN MINH TÂN","11 TH2","7.6","456","6.4","955");
INSERT INTO database_1 VALUES("200330","LÊ ANH TUẤN","11 TH2","5.2","456","3.2","955");
INSERT INTO database_1 VALUES("200339","NGUYỄN MẠNH TƯỜNG","11 TH2","4.8","246","7.2","917");
INSERT INTO database_1 VALUES("200345","HUỲNH THỊ NGỌC THẢO","11 TH2","6.0","127","5.6","908");
INSERT INTO database_1 VALUES("200348","LÊ THỊ THU THẢO","11 TH2","2.8","321","4.0","949");
INSERT INTO database_1 VALUES("200351","NGUYỄN VŨ MINH THẢO","11 TH2","","","","");
INSERT INTO database_1 VALUES("200360","LÊ VĂN QUỐC THIÊN","11 TH2","8.8","321","7.6","949");
INSERT INTO database_1 VALUES("200362","QUÁCH GIA THIÊN","11 TH2","6.8","456","5.6","955");
INSERT INTO database_1 VALUES("200365","NGUYỄN VĂN THỊNH","11 TH2","3.6","456","3.2","955");
INSERT INTO database_1 VALUES("200383","PHẠM THỊ HỒNG THỦY","11 TH2","4.8","456","5.2","955");
INSERT INTO database_1 VALUES("200403","ĐẶNG BẢO TRÂM","11 TH2","7.2","127","4.8","917");
INSERT INTO database_1 VALUES("200421","LÊ THỊ THỤC TRINH","11 TH2","8.4","127","7.6","955");
INSERT INTO database_1 VALUES("200426","HUỲNH LÊ TRỌNG","11 TH2","4.0","246","8.0","949");
INSERT INTO database_1 VALUES("200431","NGUYỄN VĂN TRƯỜNG","11 TH2","4.0","456","7.2","908");
INSERT INTO database_1 VALUES("200441","TRẦN THÙY VÂN","11 TH2","7.2","456","9.2","955");
INSERT INTO database_1 VALUES("200442","NGUYỄN ĐỨC VỆ","11 TH2","7.2","127","6.8","908");
INSERT INTO database_1 VALUES("200443","BÙI THỊ TƯỜNG VI","11 TH2","8.0","321","6.8","949");
INSERT INTO database_1 VALUES("200451","NGÔ HOÀNG VIỆT","11 TH2","7.2","321","2.4","949");
INSERT INTO database_1 VALUES("200456","NGUYỄN ĐĂNG VŨ","11 TH2","8.8","456","8.4","955");
INSERT INTO database_1 VALUES("200457","NGUYỄN THỊ KIỀU VƯƠNG","11 TH2","3.6","456","7.6","955");
INSERT INTO database_1 VALUES("200458","ĐINH NGUYỄN HẢI VY","11 TH2","5.2","127","5.2","908");
INSERT INTO database_1 VALUES("200462","TRỊNH PHƯƠNG TƯỜNG VY","11 TH2","7.2","321","4.8","949");
INSERT INTO database_1 VALUES("200466","LÂM HẢI YẾN","11 TH2","4.4","246","4.0","949");
INSERT INTO database_1 VALUES("200468","LÊ PHÚC TÂM ANH","11CD1","10.0","113","7.6","573");
INSERT INTO database_1 VALUES("200469","LÊ THỊ YẾN ANH","11CD1","9.6","115","5.6","857");
INSERT INTO database_1 VALUES("200472","LƯƠNG QUANG BÌNH","11CD1","7.2","115","4.4","857");
INSERT INTO database_1 VALUES("200482","PHẠM NGỌC ANH DUYÊN","11CD1","10.0","116","6.4","982");
INSERT INTO database_1 VALUES("200484","TRÌNH ÁI DUYÊN","11CD1","8.8","113","6.4","573");
INSERT INTO database_1 VALUES("200494","TRẦN THỊ THU HÀ","11CD1","8.4","114","7.6","857");
INSERT INTO database_1 VALUES("200495","VÕ LÊ HỒNG HẠNH","11CD1","8.8","114","6.4","857");
INSERT INTO database_1 VALUES("200497","LƯƠNG THỊ NGỌC HÂN","11CD1","7.2","113","4.4","982");
INSERT INTO database_1 VALUES("200505","NGUYỄN THỊ HUỆ","11CD1","7.6","113","4.4","982");
INSERT INTO database_1 VALUES("200508","TRẦN MINH HUY","11CD1","7.6","113","8.0","982");
INSERT INTO database_1 VALUES("200510","NGUYỄN XUÂN KHANG","11CD1","6.0","114","3.6","857");
INSERT INTO database_1 VALUES("200512","NGUYỄN THỊ TRÚC LAM","11CD1","8.0","115","2.4","798");
INSERT INTO database_1 VALUES("200513","LÊ THỊ KHÁNH LINH","11CD1","8.4","113","2.4","982");
INSERT INTO database_1 VALUES("200514","NGUYỄN ĐẶNG THUỲ LINH","11CD1","9.2","116","8.4","573");
INSERT INTO database_1 VALUES("200516","LÊ THỊ KIM LY","11CD1","5.6","116","2.8","982");
INSERT INTO database_1 VALUES("200518","NGUYỄN NGỌC MAI","11CD1","8.0","115","3.6","857");
INSERT INTO database_1 VALUES("200519","ĐỖ HIẾU MINH","11CD1","10.0","115","6.0","857");
INSERT INTO database_1 VALUES("200520","ĐẶNG THỊ TIỂU MY","11CD1","10.0","114","7.6","798");
INSERT INTO database_1 VALUES("200522","LÊ THỊ THU NGÂN","11CD1","9.6","113","6.0","573");
INSERT INTO database_1 VALUES("200524","PHẠM ĐĂNG NGUYÊN","11CD1","5.6","116","5.6","982");
INSERT INTO database_1 VALUES("200525","ĐẶNG THỊ HOÀI NHA","11CD1","9.2","114","4.0","798");
INSERT INTO database_1 VALUES("200526","PHẠM ÁI NHÂN","11CD1","6.4","115","6.8","857");
INSERT INTO database_1 VALUES("200529","NGUYỄN THỊ NHUNG","11CD1","9.2","116","8.0","982");
INSERT INTO database_1 VALUES("200531","PHẠM HOÀNG QUỲNH NHƯ","11CD1","8.0","113","4.0","573");
INSERT INTO database_1 VALUES("200532","VÕ NGUYỄN TIỂU PHỤNG","11CD1","9.2","116","6.0","982");
INSERT INTO database_1 VALUES("200536","NGUYỄN THỊ KIM QUYÊN","11CD1","4.0","114","5.6","798");
INSERT INTO database_1 VALUES("200537","NGUYỄN TRÚC QUỲNH","11CD1","8.0","116","6.8","982");
INSERT INTO database_1 VALUES("200538","PHẠM HỒ TRÚC QUỲNH","11CD1","10.0","113","7.2","573");
INSERT INTO database_1 VALUES("200540","LƯƠNG NGỌC THANH TÂM","11CD1","8.8","113","8.4","573");
INSERT INTO database_1 VALUES("200542","PHẠM THỊ TÂM","11CD1","8.8","114","6.4","798");
INSERT INTO database_1 VALUES("200544","NGUYỄN THỦY TIÊN","11CD1","10.0","115","4.8","857");
INSERT INTO database_1 VALUES("200553","LÊ PHƯƠNG THẢO","11CD1","8.4","116","6.0","982");
INSERT INTO database_1 VALUES("200559","NGUYỄN THỊ KIM THOA","11CD1","8.8","115","6.4","857");
INSERT INTO database_1 VALUES("200560","NGUYỄN TRẦN BẢO THU","11CD1","6.0","115","4.0","857");
INSERT INTO database_1 VALUES("200564","NGUYỄN THỊ ANH THƯ","11CD1","8.0","116","5.6","982");
INSERT INTO database_1 VALUES("200567","LÊ THỊ THÙY TRANG","11CD1","8.4","115","7.2","857");
INSERT INTO database_1 VALUES("200569","HỒ THỊ LỆ TRÂN","11CD1","8.4","116","4.8","982");
INSERT INTO database_1 VALUES("200572","HÀ THỊ MỸ TRINH","11CD1","9.2","116","5.6","982");
INSERT INTO database_1 VALUES("200577","TRẦN ĐÀO THIÊN VÂN","11CD1","7.6","116","4.4","982");
INSERT INTO database_1 VALUES("200578","TRẦN THỊ LÊ VÂN","11CD1","10.0","113","5.2","573");
INSERT INTO database_1 VALUES("200584","TRƯƠNG DIỄM QUỲNH XUÂN","11CD1","8.8","114","6.0","798");
INSERT INTO database_1 VALUES("200585","CÔNG THỊ NHƯ Ý","11CD1","8.8","116","4.4","982");
INSERT INTO database_1 VALUES("200474","HUỲNH THỊ KIM CÚC","11CD2","6.8","116","5.6","982");
INSERT INTO database_1 VALUES("200476","NGUYỄN NHƯ DIỆP","11CD2","8.8","113","7.2","798");
INSERT INTO database_1 VALUES("200478","NGUYỄN THỊ HỒNG DUNG","11CD2","9.2","114","6.4","798");
INSERT INTO database_1 VALUES("200480","TRẦN THỊ KHÁNH DUNG","11CD2","8.0","115","6.4","857");
INSERT INTO database_1 VALUES("200481","NGÔ THỊ MỸ DUYÊN","11CD2","7.2","113","6.4","573");
INSERT INTO database_1 VALUES("200486","NGUYỄN THỊ TÂM ĐAN","11CD2","9.6","114","6.8","798");
INSERT INTO database_1 VALUES("200487","NGUYỄN THỤC ĐAN","11CD2","9.2","114","6.0","798");
INSERT INTO database_1 VALUES("200488","VÕ THỊ VÂN ĐAN","11CD2","7.2","115","5.6","857");
INSERT INTO database_1 VALUES("200489","NGUYỄN THỊ ĐIỆP","11CD2","8.4","113","5.2","573");
INSERT INTO database_1 VALUES("200491","LÊ THỊ HỒNG GẤM","11CD2","6.0","116","3.2","573");
INSERT INTO database_1 VALUES("200492","TRƯƠNG LÊ NGỌC GIANG","11CD2","4.8","113","5.6","982");
INSERT INTO database_1 VALUES("200498","TRẦN THỊ NGỌC HÂN","11CD2","6.8","116","5.6","573");
INSERT INTO database_1 VALUES("200499","NGÔ THỊ NGỌC HIỀN","11CD2","6.4","116","4.8","573");
INSERT INTO database_1 VALUES("200001","LÊ HOÀNG ÁI","12CA","4.7","132","5","135");
INSERT INTO database_1 VALUES("200022","HUỲNH TRỌNG CAN","12CA","7.3","209","5.7","486");
INSERT INTO database_1 VALUES("200044","LÊ THỊ MỸ DUNG","12CA","5","209","4.3","135");
INSERT INTO database_1 VALUES("200047","LẠI VIỆT DŨNG","12CA","5.7","132","3.3","213");
INSERT INTO database_1 VALUES("200058","NGÔ ANH DƯƠNG","12CA","1.7","357","6.3","486");
INSERT INTO database_1 VALUES("200064","PHẠM TẤN ĐÀI","12CA","6.7","132","5.7","213");
INSERT INTO database_1 VALUES("200090","NGUYỄN LÊ ĐAN HẠ","12CA","6.3","485","7","358");
INSERT INTO database_1 VALUES("200105","LÊ TRUNG HẬU","12CA","7.3","132","6.3","135");
INSERT INTO database_1 VALUES("200106","ĐẶNG THỊ NGỌC HIỀN","12CA","3.7","209","5.7","213");
INSERT INTO database_1 VALUES("200118","NGUYỄN VĂN HÒA","12CA","5.7","209","4","135");
INSERT INTO database_1 VALUES("200121","CAO TRẦN NHẬT HOÀNG","12CA","2","132","4","135");
INSERT INTO database_1 VALUES("200129","NGUYỄN PHÚ MINH HOÀNG","12CA","6.7","132","5.7","486");
INSERT INTO database_1 VALUES("200135","BÙI THỊ HƠN","12CA","6.3","132","5.7","135");
INSERT INTO database_1 VALUES("200141","TRƯƠNG THANH HÙNG","12CA","4.3","357","5.3","358");
INSERT INTO database_1 VALUES("200156","VÕ HOÀNG THIÊN HƯƠNG","12CA","6","485","5.7","358");
INSERT INTO database_1 VALUES("200169","TRẦN NHẬT KHÁNH","12CA","6.3","132","6","358");
INSERT INTO database_1 VALUES("200177","HUỲNH MINH KHƯƠNG","12CA","6","132","5","358");
INSERT INTO database_1 VALUES("200207","NGUYỄN THỊ PHƯƠNG LỘC","12CA","7.3","209","5.7","486");
INSERT INTO database_1 VALUES("200220","BÙI THỊ DIỆU MẾN","12CA","5.7","485","4.7","486");
INSERT INTO database_1 VALUES("200221","NGUYỄN NHÃ QUỲNH MI","12CA","7","132","6","213");
INSERT INTO database_1 VALUES("200227","NGUYỄN TRƯỜNG MINH","12CA","6","357","4.7","486");
INSERT INTO database_1 VALUES("200234","NGUYỄN THỊ DIỄM MY","12CA","5.7","132","5","486");
INSERT INTO database_1 VALUES("200244","NGUYỄN THỊ TỐ NỮ","12CA","4.7","209","5","213");
INSERT INTO database_1 VALUES("200247","VÕ THỊ TỐ NGA","12CA","6.7","132","6","135");
INSERT INTO database_1 VALUES("200251","HUỲNH HỮU NGHĨA","12CA","6.7","132","5.3","213");
INSERT INTO database_1 VALUES("200269","PHAN YẾN NHI","12CA","1.3","132","4.3","135");
INSERT INTO database_1 VALUES("200311","TRƯƠNG HỒ NHẬT PHƯƠNG","12CA","6.3","357","4.7","486");
INSERT INTO database_1 VALUES("200312","VÕ HỒNG Y PHƯƠNG","12CA","5.7","485","5.3","135");
INSERT INTO database_1 VALUES("200319","TRẦN THỊ BÍCH QUI","12CA","6.7","209","7.3","358");
INSERT INTO database_1 VALUES("200361","LÊ THỊ MINH TÂM","12CA","6.7","357","4.7","358");
INSERT INTO database_1 VALUES("200363","PHAN NGỌC TÂM","12CA","9","485","6.3","135");
INSERT INTO database_1 VALUES("200402","NGUYỄN HOÀI THANH","12CA","5.3","485","5.7","135");
INSERT INTO database_1 VALUES("200404","NGUYỄN TRỌNG THÀNH","12CA","8.7","209","6","358");
INSERT INTO database_1 VALUES("200418","TRẦN THỊ THANH THẢO","12CA","9.3","485","5.3","135");
INSERT INTO database_1 VALUES("200436","HUỲNH THỊ THU","12CA","8","132","7.3","358");
INSERT INTO database_1 VALUES("200506","NGUYỄN THỊ ÁI VÂN","12CA","6.7","485","2.3","135");
INSERT INTO database_1 VALUES("200528","VÕ THỊ THẢO VY","12CA","5.7","209","4.3","486");
INSERT INTO database_1 VALUES("200530","LƯƠNG THỊ KIM YẾN","12CA","7.3","485","6","135");
INSERT INTO database_1 VALUES("200535","NGUYỄN HOÀNG DIỄM","12CD1","3.7","357","3","359");
INSERT INTO database_1 VALUES("200539","NGUYỄN THỊ THÙY DƯƠNG","12CD1","4","133","4.3","136");
INSERT INTO database_1 VALUES("200541","VÕ THỊ NHỨT ĐÔNG","12CD1","8.7","133","7.7","482");
INSERT INTO database_1 VALUES("200543","NGUYỄN THỊ THU HẰNG","12CD1","3.7","489","3.7","359");
INSERT INTO database_1 VALUES("200545","HỒ THỊ MỸ HOA","12CD1","6","489","4.3","208");
INSERT INTO database_1 VALUES("200546","NGUYỄN THỊ VIỆT HOA","12CD1","4","205","5","482");
INSERT INTO database_1 VALUES("200547","HỒ THỊ NHƯ HỒNG","12CD1","5.7","133","4.3","136");
INSERT INTO database_1 VALUES("200549","PHAN THỊ HUYỀN","12CD1","4.7","133","4","482");
INSERT INTO database_1 VALUES("200550","TRẦN THỊ THANH HƯƠNG","12CD1","4","357","4.3","208");
INSERT INTO database_1 VALUES("200552","VÕ THỊ NHỨT LẠNH","12CD1","8.7","357","7.3","359");
INSERT INTO database_1 VALUES("200555","NGUYỄN THỊ PHƯƠNG LINH","12CD1","5.7","133","4.7","136");
INSERT INTO database_1 VALUES("200557","LÊ TRÚC LY","12CD1","5.3","133","4.7","208");
INSERT INTO database_1 VALUES("200558","VÕ THỊ BẠCH MAI","12CD1","3.3","489","3.3","359");
INSERT INTO database_1 VALUES("200561","NGUYỄN THỊ PHƯƠNG NY","12CD1","5","133","4.3","136");
INSERT INTO database_1 VALUES("200562","NGUYỄN THỊ THANH NGA","12CD1","4.7","489","4","482");
INSERT INTO database_1 VALUES("200563","TRẦN THUÝ NGA","12CD1","4.7","357","3.7","208");
INSERT INTO database_1 VALUES("200568","LÊ THỊ PHƯỢNG","12CD1","3.7","205","4","208");
INSERT INTO database_1 VALUES("200570","TRẦN NHƯ QUỲNH","12CD1","4","489","4","136");
INSERT INTO database_1 VALUES("200571","TRƯƠNG NGÔ CAO QUỲNH","12CD1","4.3","357","5.7","208");
INSERT INTO database_1 VALUES("200573","LÊ THỊ BÍCH TIÊN","12CD1","5","133","4","359");
INSERT INTO database_1 VALUES("200581","NGUYỄN THỊ DẠ THẢO","12CD1","7.3","133","4.3","359");
INSERT INTO database_1 VALUES("200587","NGUYỄN THỊ THANH THUÝ","12CD1","4.3","205","2.3","208");
INSERT INTO database_1 VALUES("200588","ĐỖ THỊ THANH THÚY","12CD1","8","357","2.7","136");
INSERT INTO database_1 VALUES("200596","TRẦN THỊ QUỲNH TRÂN","12CD1","6.3","357","5","136");
INSERT INTO database_1 VALUES("200601","LÊ THỊ THÚY VI","12CD1","5","489","5.7","136");
INSERT INTO database_1 VALUES("200603","HỒ TƯỜNG VY","12CD1","4","205","4.7","208");
INSERT INTO database_1 VALUES("200604","DƯƠNG THỊ THANH XUÂN","12CD1","6.7","357","5","136");
INSERT INTO database_1 VALUES("200534","TRẦN HOÀNG CHINH","12CD2","3","489","4.3","136");
INSERT INTO database_1 VALUES("200554","NGUYỄN THỊ MỸ LINH","12CD2","3.3","205","3","482");
INSERT INTO database_1 VALUES("200574","LÊ THỊ MỸ TIÊN","12CD2","1","489","3.7","359");
INSERT INTO database_1 VALUES("200580","TRẦN THỊ VIỆT THAO","12CD2","6.7","205","4.3","482");
INSERT INTO database_1 VALUES("200589","TRẦN THỊ ANH THƯ","12CD2","7.7","489","5.3","359");
INSERT INTO database_1 VALUES("200593","ĐẶNG QUỲNH TRÂN","12CD2","7.3","489","6","136");
INSERT INTO database_1 VALUES("200600","NGÔ THỊ THANH VÂN","12CD2","6","357","6","359");
INSERT INTO database_1 VALUES("200607","ĐẶNG LÊ HOÀNG YÊN","12CD2","8","489","4.7","482");
INSERT INTO database_1 VALUES("200533","TRƯƠNG THANH BÁCH","12CD2","4","205","1.7","482");
INSERT INTO database_1 VALUES("200548","PHẠM THU HUYỀN","12CD2","7","205","6.7","136");
INSERT INTO database_1 VALUES("200551","NGUYỄN THẾ KHÔI","12CD2","8","489","3","359");
INSERT INTO database_1 VALUES("200556","PHẠM THỊ THÙY LINH","12CD2","2.3","205","3","482");
INSERT INTO database_1 VALUES("200565","PHẠM THỊ PHÚC OANH","12CD2","5.7","133","4.7","482");



/* PHP PV - Backup MySQL Database for table [database_2]
 Current time: 05:59:01 18/06/2013

 */
CREATE TABLE `database_2` (
  `sbd` varchar(10) NOT NULL,
  `hsname` varchar(255) NOT NULL,
  `class` varchar(10) NOT NULL,
  `sid1` varchar(10) NOT NULL,
  `md_sid1` varchar(10) DEFAULT NULL,
  `sid2` varchar(10) NOT NULL,
  `md_sid2` varchar(10) DEFAULT NULL,
  `sid3` varchar(10) NOT NULL,
  `md_sid3` varchar(10) DEFAULT NULL,
  PRIMARY KEY (`sbd`)
) ENGINE=MyISAM DEFAULT CHARSET=utf8;

INSERT INTO database_2 VALUES("200001","LÊ HOÀNG ÁI","12CA","4.7","132","5","135","7.3","121");
INSERT INTO database_2 VALUES("200008","LÊ HUY BẢO","12CA","5.3","485","4.3","135","4.8","121");
INSERT INTO database_2 VALUES("200022","HUỲNH TRỌNG CAN","12CA","7.3","209","5.7","486","5.5","123");
INSERT INTO database_2 VALUES("200031","CAO THỊ MỸ CHI","12CA","5","132","6","486","5","127");
INSERT INTO database_2 VALUES("200044","LÊ THỊ MỸ DUNG","12CA","5","209","4.3","135","3","125");
INSERT INTO database_2 VALUES("200047","LẠI VIỆT DŨNG","12CA","5.7","132","3.3","213","1.3","121");
INSERT INTO database_2 VALUES("200057","HUỲNH NGỌC DUYỀN","12CA","5","485","7","213","5","125");
INSERT INTO database_2 VALUES("200058","NGÔ ANH DƯƠNG","12CA","1.7","357","6.3","486","4","123");
INSERT INTO database_2 VALUES("200064","PHẠM TẤN ĐÀI","12CA","6.7","132","5.7","213","3","125");
INSERT INTO database_2 VALUES("200090","NGUYỄN LÊ ĐAN HẠ","12CA","6.3","485","7","358","4.5","125");
INSERT INTO database_2 VALUES("200105","LÊ TRUNG HẬU","12CA","7.3","132","6.3","135","3.5","121");
INSERT INTO database_2 VALUES("200106","ĐẶNG THỊ NGỌC HIỀN","12CA","3.7","209","5.7","213","3.3","125");
INSERT INTO database_2 VALUES("200118","NGUYỄN VĂN HÒA","12CA","5.7","209","4","135","4","121");
INSERT INTO database_2 VALUES("200121","CAO TRẦN NHẬT HOÀNG","12CA","2","132","4","135","3.8","121");
INSERT INTO database_2 VALUES("200129","NGUYỄN PHÚ MINH HOÀNG","12CA","6.7","132","5.7","486","4.8","123");
INSERT INTO database_2 VALUES("200135","BÙI THỊ HƠN","12CA","6.3","132","5.7","135","5","125");
INSERT INTO database_2 VALUES("200141","TRƯƠNG THANH HÙNG","12CA","4.3","357","5.3","358","3.3","123");
INSERT INTO database_2 VALUES("200156","VÕ HOÀNG THIÊN HƯƠNG","12CA","6","485","5.7","358","6","125");
INSERT INTO database_2 VALUES("200159","ĐINH TRỌNG HỮU","12CA","7.3","357","6.7","358","5.3","127");
INSERT INTO database_2 VALUES("200169","TRẦN NHẬT KHÁNH","12CA","6.3","132","6","358","5","127");
INSERT INTO database_2 VALUES("200177","HUỲNH MINH KHƯƠNG","12CA","6","132","5","358","3","127");
INSERT INTO database_2 VALUES("200207","NGUYỄN THỊ PHƯƠNG LỘC","12CA","7.3","209","5.7","486","5.3","125");
INSERT INTO database_2 VALUES("200220","BÙI THỊ DIỆU MẾN","12CA","5.7","485","4.7","486","4.5","123");
INSERT INTO database_2 VALUES("200221","NGUYỄN NHÃ QUỲNH MI","12CA","7","132","6","213","5.8","125");
INSERT INTO database_2 VALUES("200227","NGUYỄN TRƯỜNG MINH","12CA","6","357","4.7","486","4","123");
INSERT INTO database_2 VALUES("200234","NGUYỄN THỊ DIỄM MY","12CA","5.7","132","5","486","6","121");
INSERT INTO database_2 VALUES("200244","NGUYỄN THỊ TỐ NỮ","12CA","4.7","209","5","213","5","121");
INSERT INTO database_2 VALUES("200247","VÕ THỊ TỐ NGA","12CA","6.7","132","6","135","4.3","125");
INSERT INTO database_2 VALUES("200251","HUỲNH HỮU NGHĨA","12CA","6.7","132","5.3","213","4.3","121");
INSERT INTO database_2 VALUES("200269","PHAN YẾN NHI","12CA","1.3","132","4.3","135","3.3","121");
INSERT INTO database_2 VALUES("200311","TRƯƠNG HỒ NHẬT PHƯƠNG","12CA","6.3","357","4.7","486","4","121");
INSERT INTO database_2 VALUES("200312","VÕ HỒNG Y PHƯƠNG","12CA","5.7","485","5.3","135","3","123");
INSERT INTO database_2 VALUES("200319","TRẦN THỊ BÍCH QUI","12CA","6.7","209","7.3","358","4.5","123");
INSERT INTO database_2 VALUES("200361","LÊ THỊ MINH TÂM","12CA","6.7","357","4.7","358","6.3","127");
INSERT INTO database_2 VALUES("200363","PHAN NGỌC TÂM","12CA","9","485","6.3","135","6","121");
INSERT INTO database_2 VALUES("200402","NGUYỄN HOÀI THANH","12CA","5.3","485","5.7","135","5.5","121");
INSERT INTO database_2 VALUES("200403","NGUYỄN CAO THÀNH","12CA","6.3","132","6.3","135","4.8","121");
INSERT INTO database_2 VALUES("200404","NGUYỄN TRỌNG THÀNH","12CA","8.7","209","6","358","5.8","127");
INSERT INTO database_2 VALUES("200418","TRẦN THỊ THANH THẢO","12CA","9.3","485","5.3","135","4.5","121");
INSERT INTO database_2 VALUES("200436","HUỲNH THỊ THU","12CA","8","132","7.3","358","4.8","127");
INSERT INTO database_2 VALUES("200462","TRẦN LỆ HUYỀN TRANG","12CA","2.3","485","4.7","213","5.3","125");
INSERT INTO database_2 VALUES("200488","NGUYỄN THỊ TRÚC","12CA","5.3","209","5.3","486","5","123");
INSERT INTO database_2 VALUES("200492","LÂM MINH TRUNG","12CA","6","209","3.7","358","6","127");
INSERT INTO database_2 VALUES("200506","NGUYỄN THỊ ÁI VÂN","12CA","6.7","485","2.3","135","6.3","121");
INSERT INTO database_2 VALUES("200528","VÕ THỊ THẢO VY","12CA","5.7","209","4.3","486","3.5","123");
INSERT INTO database_2 VALUES("200530","LƯƠNG THỊ KIM YẾN","12CA","7.3","485","6","135","6.3","121");
INSERT INTO database_2 VALUES("200535","NGUYỄN HOÀNG DIỄM","12CD1","3.7","357","3","359","8","121");
INSERT INTO database_2 VALUES("200539","NGUYỄN THỊ THÙY DƯƠNG","12CD1","4","133","4.3","136","6.5","125");
INSERT INTO database_2 VALUES("200540","PHAN NGỌC THÙY DƯƠNG","12CD1","4.7","205","5","136","6.8","125");
INSERT INTO database_2 VALUES("200541","VÕ THỊ NHỨT ĐÔNG","12CD1","8.7","133","7.7","482","3.8","123");
INSERT INTO database_2 VALUES("200543","NGUYỄN THỊ THU HẰNG","12CD1","3.7","489","3.7","359","8.3","121");
INSERT INTO database_2 VALUES("200544","VÕ CAO THANH HIỀN","12CD1","3.7","357","4.7","359","5.3","121");
INSERT INTO database_2 VALUES("200545","HỒ THỊ MỸ HOA","12CD1","6","489","4.3","208","7.8","127");
INSERT INTO database_2 VALUES("200546","NGUYỄN THỊ VIỆT HOA","12CD1","4","205","5","482","6.5","123");
INSERT INTO database_2 VALUES("200547","HỒ THỊ NHƯ HỒNG","12CD1","5.7","133","4.3","136","7.8","125");
INSERT INTO database_2 VALUES("200549","PHAN THỊ HUYỀN","12CD1","4.7","133","4","482","6","125");
INSERT INTO database_2 VALUES("200550","TRẦN THỊ THANH HƯƠNG","12CD1","4","357","4.3","208","7.3","127");
INSERT INTO database_2 VALUES("200552","VÕ THỊ NHỨT LẠNH","12CD1","8.7","357","7.3","359","4.5","121");
INSERT INTO database_2 VALUES("200555","NGUYỄN THỊ PHƯƠNG LINH","12CD1","5.7","133","4.7","136","7.3","125");
INSERT INTO database_2 VALUES("200557","LÊ TRÚC LY","12CD1","5.3","133","4.7","208","7.3","123");
INSERT INTO database_2 VALUES("200558","VÕ THỊ BẠCH MAI","12CD1","3.3","489","3.3","359","5.3","121");
INSERT INTO database_2 VALUES("200559","NGUYỄN THỊ HOÀI NAM","12CD1","8","357","6.7","482","9","123");
INSERT INTO database_2 VALUES("200560","TRẦN THỊ NỮ","12CD1","4.3","205","5","136","7","125");
INSERT INTO database_2 VALUES("200561","NGUYỄN THỊ PHƯƠNG NY","12CD1","5","133","4.3","136","9","125");
INSERT INTO database_2 VALUES("200562","NGUYỄN THỊ THANH NGA","12CD1","4.7","489","4","482","4.5","123");
INSERT INTO database_2 VALUES("200563","TRẦN THUÝ NGA","12CD1","4.7","357","3.7","208","6.8","127");
INSERT INTO database_2 VALUES("200564","VÕ TRẦN QUẾ NHƯ","12CD1","7","205","4.3","359","8.8","121");
INSERT INTO database_2 VALUES("200568","LÊ THỊ PHƯỢNG","12CD1","3.7","205","4","208","7","127");
INSERT INTO database_2 VALUES("200570","TRẦN NHƯ QUỲNH","12CD1","4","489","4","136","7","125");
INSERT INTO database_2 VALUES("200571","TRƯƠNG NGÔ CAO QUỲNH","12CD1","4.3","357","5.7","208","7.5","127");
INSERT INTO database_2 VALUES("200573","LÊ THỊ BÍCH TIÊN","12CD1","5","133","4","359","7.3","121");
INSERT INTO database_2 VALUES("200581","NGUYỄN THỊ DẠ THẢO","12CD1","7.3","133","4.3","359","8.5","121");
INSERT INTO database_2 VALUES("200585","TRẦN THỊ MỸ THUẬN","12CD1","8","357","5","136","7.5","125");
INSERT INTO database_2 VALUES("200587","NGUYỄN THỊ THANH THUÝ","12CD1","4.3","205","2.3","208","3.8","123");
INSERT INTO database_2 VALUES("200588","ĐỖ THỊ THANH THÚY","12CD1","8","357","2.7","136","7.8","125");
INSERT INTO database_2 VALUES("200596","TRẦN THỊ QUỲNH TRÂN","12CD1","6.3","357","5","136","7","125");
INSERT INTO database_2 VALUES("200601","LÊ THỊ THÚY VI","12CD1","5","489","5.7","136","8.5","125");
INSERT INTO database_2 VALUES("200603","HỒ TƯỜNG VY","12CD1","4","205","4.7","208","9","123");
INSERT INTO database_2 VALUES("200604","DƯƠNG THỊ THANH XUÂN","12CD1","6.7","357","5","136","7.3","125");
INSERT INTO database_2 VALUES("200534","TRẦN HOÀNG CHINH","12CD2","3","489","4.3","136","3.3","125");
INSERT INTO database_2 VALUES("200542","NGUYỄN THỊ BẢO HÀ","12CD2","6.7","357","3.3","208","3.3","127");
INSERT INTO database_2 VALUES("200554","NGUYỄN THỊ MỸ LINH","12CD2","3.3","205","3","482","4","123");
INSERT INTO database_2 VALUES("200567","NGUYỄN LƯƠNG HỒNG PHÚC","12CD2","3.7","357","3.3","359","6.5","121");
INSERT INTO database_2 VALUES("200574","LÊ THỊ MỸ TIÊN","12CD2","1","489","3.7","359","2.5","121");
INSERT INTO database_2 VALUES("200578","LÊ THỊ TUYỂN","12CD2","5.7","489","3.3","136","3.8","125");
INSERT INTO database_2 VALUES("200580","TRẦN THỊ VIỆT THAO","12CD2","6.7","205","4.3","482","5","123");
INSERT INTO database_2 VALUES("200589","TRẦN THỊ ANH THƯ","12CD2","7.7","489","5.3","359","6","121");
INSERT INTO database_2 VALUES("200593","ĐẶNG QUỲNH TRÂN","12CD2","7.3","489","6","136","6","125");
INSERT INTO database_2 VALUES("200600","NGÔ THỊ THANH VÂN","12CD2","6","357","6","359","5.3","121");
INSERT INTO database_2 VALUES("200607","ĐẶNG LÊ HOÀNG YÊN","12CD2","8","489","4.7","482","7","123");
INSERT INTO database_2 VALUES("200532","NGUYỄN THỊ LAN ANH","12CD2","4.7","357","3.7","136","2.8","121");
INSERT INTO database_2 VALUES("200533","TRƯƠNG THANH BÁCH","12CD2","4","205","1.7","482","4.5","123");
INSERT INTO database_2 VALUES("200536","TRẦN THỊ HỒNG DIỄM","12CD2","5.3","133","3.3","359","3.3","127");
INSERT INTO database_2 VALUES("200537","TRẦN NGỌC DŨNG","12CD2","4.7","489","2.7","208","5.3","127");
INSERT INTO database_2 VALUES("200538","NGUYÄN THÊ HÒNG DƯƠNG","12CD2","5.7","205","4.3","208","4.5","123");
INSERT INTO database_2 VALUES("200548","PHẠM THU HUYỀN","12CD2","7","205","6.7","136","7","125");
INSERT INTO database_2 VALUES("200551","NGUYỄN THẾ KHÔI","12CD2","8","489","3","359","5.8","123");
INSERT INTO database_2 VALUES("200553","NGUYỄN LÂN","12CD2","5.7","489","4","208","5","127");
INSERT INTO database_2 VALUES("200556","PHẠM THỊ THÙY LINH","12CD2","2.3","205","3","482","3.8","121");
INSERT INTO database_2 VALUES("200565","PHẠM THỊ PHÚC OANH","12CD2","5.7","133","4.7","482","4.5","123");
INSERT INTO database_2 VALUES("200507","LÊ NHẬT ANH","10CD1","9.7","001","8.7","485","9.2","104");
INSERT INTO database_2 VALUES("200508","ĐẶNG THỊ HOÀNG ANH","10CD1","7.0","002","7.3","357","6.2","104");
INSERT INTO database_2 VALUES("200509","NGUYỄN DƯƠNG THỤC ANH","10CD1","8.7","003","8.3","209","9.2","103");
INSERT INTO database_2 VALUES("200518","LÂM THỊ MỸ DUYÊN","10CD1","8.0","004","8.0","132","6.2","103");
INSERT INTO database_2 VALUES("200519","NGUYỄN HUỲNH NHƯ DUYÊN","10CD1","6.3","001","5.0","485","5.2","102");
INSERT INTO database_2 VALUES("200520","NGUYỄN VÕ QUỲNH DUYÊN","10CD1","6.0","002","5.0","357","5.2","102");
INSERT INTO database_2 VALUES("200524","NGUYỄN PHAN LINH ĐAN","10CD1","7.7","002","7.3","357","5.2","104");
INSERT INTO database_2 VALUES("200527","PHẠM BẢO HÀ","10CD1","6.3","001","5.3","485","7.5","102");
INSERT INTO database_2 VALUES("200575","NGUYỄN THỊ PHÚC","10CD1","10.0","001","8.7","357","8.8","101");
INSERT INTO database_2 VALUES("200579","LÊ THỊ KIM PHƯỢNG","10CD1","9.3","001","7.3","357","7.2","104");
INSERT INTO database_2 VALUES("200582","NGUYỄN HOÀNG NHƯ QUỲNH","10CD1","6.3","004","6.3","485","4.8","103");
INSERT INTO database_2 VALUES("200583","NGUYỄN LÊ BẢO QUỲNH","10CD1","9.0","001","8.0","357","7.8","102");
INSERT INTO database_2 VALUES("200594","NGUYỄN ĐẶNG THANH THẢO","10CD1","7.3","004","6.7","485","8.2","101");
INSERT INTO database_2 VALUES("200597","TRẦN THANH PHƯƠNG THẢO","10CD1","7.3","003","0.5","","6.5","103");
INSERT INTO database_2 VALUES("200612","PHẠM THỊ THÙY TRÂM","10CD1","","","4.7","485","4.5","101");
INSERT INTO database_2 VALUES("200613","NGUYỄN LÊ HUYỀN TRÂN","10CD1","7.7","003","7.0","132","6.5","103");
INSERT INTO database_2 VALUES("200616","TRẦN THỊ KIM TRINH","10CD1","7.7","004","6.0","485","5.8","103");
INSERT INTO database_2 VALUES("200618","HUỲNH GIA UYÊN","10CD1","8.0","002","7.0","209","4.5","104");
INSERT INTO database_2 VALUES("200619","PHẠM NGỌC VÂN UYÊN","10CD1","8.7","001","4.3","357","5.5","102");
INSERT INTO database_2 VALUES("200620","ĐẶNG THỊ THANH VÂN","10CD1","8.0","004","6.7","485","6.5","101");
INSERT INTO database_2 VALUES("200621","TRẦN THỊ ĐÀO VÂN","10CD1","5.3","003","5.7","132","4.5","103");
INSERT INTO database_2 VALUES("200624","HUỲNH THỊ YÊN VUI","10CD1","8.0","004","6.3","485","5.8","103");
INSERT INTO database_2 VALUES("200629","PHAN THỊ THANH XUÂN","10CD1","7.0","003","4.3","132","5.5","102");
INSERT INTO database_2 VALUES("200510","TRẦN THỊ KIM ANH","10CD2","6.7","004","7.0","132","5.8","103");
INSERT INTO database_2 VALUES("200511","PHAN KỲ BỬU","10CD2","8.7","001","8.3","485","6.8","102");
INSERT INTO database_2 VALUES("200513","LÊ NGỌC DÂN","10CD2","9.0","003","6.7","209","8.5","101");
INSERT INTO database_2 VALUES("200514","LÊ THỊ DIỄM","10CD2","8.3","004","6.3","132","9.2","101");
INSERT INTO database_2 VALUES("200517","DƯƠNG THỊ MỸ DUYÊN","10CD2","9.0","003","6.7","209","8.2","103");
INSERT INTO database_2 VALUES("200521","PHẠM ĐẬU ÁI DUYÊN","10CD2","8.3","003","3.3","209","7.2","101");
INSERT INTO database_2 VALUES("200523","NGUYỄN VĂN DƯƠNG","10CD2","7.0","001","5.0","485","4.5","104");
INSERT INTO database_2 VALUES("200525","NGUYỄN THÀNH ĐÔ","10CD2","8.3","003","7.7","209","8.2","103");
INSERT INTO database_2 VALUES("200526","NGUYỄN TRƯƠNG MẠNH GIANG","10CD2","5.7","004","6.3","132","4.5","103");
INSERT INTO database_2 VALUES("200566","ĐỖ THỊ THANH NHÀN","10CD2","5.3","004","4.0","485","6.2","104");
INSERT INTO database_2 VALUES("200572","NGUYỄN THỊ PHƯƠNG OANH","10CD2","7.0","002","3.3","209","6.5","102");
INSERT INTO database_2 VALUES("200577","NGUYỄN HỒ BÍCH PHƯƠNG","10CD2","8.7","003","6.3","132","7.8","103");
INSERT INTO database_2 VALUES("200586","NGUYỄN THỊ THANH TÂM","10CD2","8.7","004","6.3","485","6.5","101");
INSERT INTO database_2 VALUES("200595","NGUYỄN THỊ THẢO","10CD2","7.3","001","6.0","357","7.2","104");
INSERT INTO database_2 VALUES("200606","HỒ TRẦN THÙY TRANG","10CD2","3.3","002","4.7","209","3.8","102");
INSERT INTO database_2 VALUES("200608","TRỊNH HOÀNG ĐOAN TRANG","10CD2","4.0","004","3.0","485","4.2","103");
INSERT INTO database_2 VALUES("200610","HUỲNH THỊ KIỀU TRÂM","10CD2","5.7","002","3.7","209","7.2","104");
INSERT INTO database_2 VALUES("200611","NGUYỄN LÊ BẢO TRÂM","10CD2","7.0","001","5.7","357","5.2","102");
INSERT INTO database_2 VALUES("200615","NGUYỄN THỊ HUYỀN TRINH","10CD2","5.3","001","5.7","357","7.2","104");
INSERT INTO database_2 VALUES("200617","ĐOÀN THẾ TRÌNH","10CD2","7.0","003","5.7","132","6.5","101");
INSERT INTO database_2 VALUES("200622","NGUYỄN HOÀNG VI","10CD2","4.7","002","4.0","209","4.8","102");
INSERT INTO database_2 VALUES("200625","HOÀNG ĐỨC VY","10CD2","8.3","003","4.7","132","4.5","103");
INSERT INTO database_2 VALUES("200627","NGUYỄN PHẠM HUYỀN VY","10CD2","8.3","001","5.7","357","6.2","101");
INSERT INTO database_2 VALUES("200628","TRẦN LÊ VY","10CD2","8.3","001","5.3","357","5.5","101");
INSERT INTO database_2 VALUES("200630","VÕ LÊ HOÀNG YẾN","10CD2","6.7","002","5.7","209","8.2","102");
INSERT INTO database_2 VALUES("200512","NGUYỄN THỊ TRÚC CHI","10CD3","7.3","002","4.3","357","4.2","102");
INSERT INTO database_2 VALUES("200515","LÊ THỊ ÁI DIỆU","10CD3","7.7","001","8.0","485","5.5","104");
INSERT INTO database_2 VALUES("200516","NGUYỄN THỊ THÙY DUNG","10CD3","6.7","002","7.0","357","6.8","104");
INSERT INTO database_2 VALUES("200522","ĐẶNG THÙY DƯƠNG","10CD3","8.3","004","8.0","132","6.5","101");
INSERT INTO database_2 VALUES("200529","PHẠM LÊ HỒNG HẠNH","10CD3","8.0","003","4.3","209","6.8","101");
INSERT INTO database_2 VALUES("200531","LÊ THỊ HOÀI HẢO","10CD3","4.7","001","2.3","357","4.2","101");



/* PHP PV - Backup MySQL Database for table [database_3]
 Current time: 05:59:01 18/06/2013

 */
CREATE TABLE `database_3` (
  `sbd` varchar(10) NOT NULL,
  `hsname` varchar(255) NOT NULL,
  `class` varchar(10) NOT NULL,
  `sid1` varchar(10) NOT NULL,
  `md_sid1` varchar(10) DEFAULT NULL,
  `sid2` varchar(10) NOT NULL,
  `md_sid2` varchar(10) DEFAULT NULL,
  `sid3` varchar(10) NOT NULL,
  `md_sid3` varchar(10) DEFAULT NULL,
  `sid4` varchar(10) NOT NULL,
  `md_sid4` varchar(10) DEFAULT NULL,
  PRIMARY KEY (`sbd`)
) ENGINE=MyISAM DEFAULT CHARSET=utf8;

INSERT INTO database_3 VALUES("200507","LÊ NHẬT ANH","10CD1","9.7","001","8.7","485","9.2","104","8.8","348");
INSERT INTO database_3 VALUES("200508","ĐẶNG THỊ HOÀNG ANH","10CD1","7.0","002","7.3","357","6.2","104","8.0","348");
INSERT INTO database_3 VALUES("200509","NGUYỄN DƯƠNG THỤC ANH","10CD1","8.7","003","8.3","209","9.2","103","7.8","346");
INSERT INTO database_3 VALUES("200518","LÂM THỊ MỸ DUYÊN","10CD1","8.0","004","8.0","132","6.2","103","3.3","345");
INSERT INTO database_3 VALUES("200519","NGUYỄN HUỲNH NHƯ DUYÊN","10CD1","6.3","001","5.0","485","5.2","102","6.3","345");
INSERT INTO database_3 VALUES("200520","NGUYỄN VÕ QUỲNH DUYÊN","10CD1","6.0","002","5.0","357","5.2","102","6.3","345");
INSERT INTO database_3 VALUES("200524","NGUYỄN PHAN LINH ĐAN","10CD1","7.7","002","7.3","357","5.2","104","6.5","348");
INSERT INTO database_3 VALUES("200527","PHẠM BẢO HÀ","10CD1","6.3","001","5.3","485","7.5","102","4.0","345");
INSERT INTO database_3 VALUES("200545","NGUYỄN THỊ THU HƯƠNG","10CD1","8.7","002","5.3","132","4.2","104","7.5","347");
INSERT INTO database_3 VALUES("200549","DƯƠNG NGUYỄN THẢO LINH","10CD1","9.7","003","7.3","132","5.2","102","7.5","346");
INSERT INTO database_3 VALUES("200550","ĐỖ NGUYỄN HOÀNG LINH","10CD1","9.3","004","8.3","485","6.8","103","8.5","345");
INSERT INTO database_3 VALUES("200551","ĐỖ THỊ THÙY LINH","10CD1","10.0","001","8.0","357","8.2","103","7.8","345");
INSERT INTO database_3 VALUES("200552","LÊ HUỲNH KHÁNH LINH","10CD1","9.7","002","7.7","209","5.2","102","7.3","346");
INSERT INTO database_3 VALUES("200553","NGUYỄN THỊ THẢO LINH","10CD1","8.3","003","7.0","132","4.5","104","5.0","347");
INSERT INTO database_3 VALUES("200554","VÕ THỊ TRÚC LINH","10CD1","8.7","004","7.7","485","5.8","101","6.8","348");
INSERT INTO database_3 VALUES("200558","NGUYỄN THỊ THU NGA","10CD1","5.3","004","4.7","485","4.2","104","4.8","348");
INSERT INTO database_3 VALUES("200559","BÙI TRẦN PHƯƠNG NGÂN","10CD1","8.3","001","4.3","357","4.5","101","7.0","347");
INSERT INTO database_3 VALUES("200562","PHAN THỊ NGỌC NGHĨA","10CD1","8.0","004","4.3","485","5.5","104","7.0","348");
INSERT INTO database_3 VALUES("200568","HUỲNH THỊ HÀ NHI","10CD1","8.7","002","8.7","209","5.8","102","8.8","345");
INSERT INTO database_3 VALUES("200570","NGUYỄN THỊ HỒNG NHUNG","10CD1","9.0","004","9.0","485","7.5","104","8.8","348");
INSERT INTO database_3 VALUES("200575","NGUYỄN THỊ PHÚC","10CD1","10.0","001","8.7","357","8.8","101","6.8","347");
INSERT INTO database_3 VALUES("200578","NGUYỄN THỊ HỒNG PHƯƠNG","10CD1","4.3","004","5.3","485","5.2","104","3.8","348");
INSERT INTO database_3 VALUES("200579","LÊ THỊ KIM PHƯỢNG","10CD1","9.3","001","7.3","357","7.2","104","6.5","348");
INSERT INTO database_3 VALUES("200582","NGUYỄN HOÀNG NHƯ QUỲNH","10CD1","6.3","004","6.3","485","4.8","103","6.0","346");
INSERT INTO database_3 VALUES("200583","NGUYỄN LÊ BẢO QUỲNH","10CD1","9.0","001","8.0","357","7.8","102","8.5","345");
INSERT INTO database_3 VALUES("200594","NGUYỄN ĐẶNG THANH THẢO","10CD1","7.3","004","6.7","485","8.2","101","6.5","347");
INSERT INTO database_3 VALUES("200597","TRẦN THANH PHƯƠNG THẢO","10CD1","7.3","003","0.5","","6.5","103","8.3","346");
INSERT INTO database_3 VALUES("200612","PHẠM THỊ THÙY TRÂM","10CD1","","","4.7","485","4.5","101","7.5","347");
INSERT INTO database_3 VALUES("200613","NGUYỄN LÊ HUYỀN TRÂN","10CD1","7.7","003","7.0","132","6.5","103","6.8","346");
INSERT INTO database_3 VALUES("200616","TRẦN THỊ KIM TRINH","10CD1","7.7","004","6.0","485","5.8","103","7.3","346");
INSERT INTO database_3 VALUES("200618","HUỲNH GIA UYÊN","10CD1","8.0","002","7.0","209","4.5","104","9.3","348");
INSERT INTO database_3 VALUES("200619","PHẠM NGỌC VÂN UYÊN","10CD1","8.7","001","4.3","357","5.5","102","7.3","345");
INSERT INTO database_3 VALUES("200620","ĐẶNG THỊ THANH VÂN","10CD1","8.0","004","6.7","485","6.5","101","8.8","347");
INSERT INTO database_3 VALUES("200621","TRẦN THỊ ĐÀO VÂN","10CD1","5.3","003","5.7","132","4.5","103","5.5","346");
INSERT INTO database_3 VALUES("200624","HUỲNH THỊ YÊN VUI","10CD1","8.0","004","6.3","485","5.8","103","7.5","346");
INSERT INTO database_3 VALUES("200629","PHAN THỊ THANH XUÂN","10CD1","7.0","003","4.3","132","5.5","102","6.8","345");
INSERT INTO database_3 VALUES("200510","TRẦN THỊ KIM ANH","10CD2","6.7","004","7.0","132","5.8","103","5.0","346");
INSERT INTO database_3 VALUES("200511","PHAN KỲ BỬU","10CD2","8.7","001","8.3","485","6.8","102","7.8","345");
INSERT INTO database_3 VALUES("200513","LÊ NGỌC DÂN","10CD2","9.0","003","6.7","209","8.5","101","7.3","347");
INSERT INTO database_3 VALUES("200514","LÊ THỊ DIỄM","10CD2","8.3","004","6.3","132","9.2","101","5.5","347");
INSERT INTO database_3 VALUES("200517","DƯƠNG THỊ MỸ DUYÊN","10CD2","9.0","003","6.7","209","8.2","103","7.0","346");
INSERT INTO database_3 VALUES("200521","PHẠM ĐẬU ÁI DUYÊN","10CD2","8.3","003","3.3","209","7.2","101","6.3","347");
INSERT INTO database_3 VALUES("200523","NGUYỄN VĂN DƯƠNG","10CD2","7.0","001","5.0","485","4.5","104","5.0","348");
INSERT INTO database_3 VALUES("200525","NGUYỄN THÀNH ĐÔ","10CD2","8.3","003","7.7","209","8.2","103","5.5","346");
INSERT INTO database_3 VALUES("200526","NGUYỄN TRƯƠNG MẠNH GIANG","10CD2","5.7","004","6.3","132","4.5","103","6.5","346");
INSERT INTO database_3 VALUES("200532","NGUYỄN THỊ THU HẰNG","10CD2","5.3","002","5.0","209","4.2","104","4.3","347");
INSERT INTO database_3 VALUES("200534","NGUYỄN NGỌC HÂN","10CD2","8.3","004","4.7","485","5.8","103","5.0","345");
INSERT INTO database_3 VALUES("200536","ĐỖ NGỌC DIỆU HIỀN","10CD2","6.0","002","5.0","209","4.2","102","6.3","346");
INSERT INTO database_3 VALUES("200540","NGUYỄN THỊ THU HIỀN","10CD2","9.3","001","5.3","357","5.2","104","6.5","347");
INSERT INTO database_3 VALUES("200542","TRƯƠNG MỸ HOA","10CD2","7.3","003","6.7","485","5.2","103","5.5","345");
INSERT INTO database_3 VALUES("200543","THÂN TRỌNG HOÀNG","10CD2","6.0","001","6.7","357","5.5","103","4.3","345");
INSERT INTO database_3 VALUES("200548","CHU NGỌC THÙY LINH","10CD2","8.0","001","5.7","209","8.2","104","6.8","347");
INSERT INTO database_3 VALUES("200555","NGUYỄN THỊ TRÀ MY","10CD2","8.0","001","3.0","357","7.8","101","6.5","347");
INSERT INTO database_3 VALUES("200556","NGUYỄN THỊ TRÀ MY","10CD2","7.0","002","6.0","209","5.2","102","6.5","345");
INSERT INTO database_3 VALUES("200557","HUỲNH LÊ THẾ MỴ","10CD2","6.7","003","6.7","132","7.8","103","6.3","346");
INSERT INTO database_3 VALUES("200560","LÊ KIM NGÂN","10CD2","8.0","002","8.0","209","5.8","102","7.8","345");
INSERT INTO database_3 VALUES("200561","LÊ THỊ PHÚ NGÂN","10CD2","9.7","003","7.7","132","5.8","103","6.5","346");
INSERT INTO database_3 VALUES("200563","ĐÀO THỊ MỸ NGỌC","10CD2","8.7","001","5.7","357","5.8","101","7.0","347");
INSERT INTO database_3 VALUES("200564","TRẦN MINH NGUYỆT","10CD2","9.0","002","5.7","209","6.2","102","7.3","345");
INSERT INTO database_3 VALUES("200566","ĐỖ THỊ THANH NHÀN","10CD2","5.3","004","4.0","485","6.2","104","4.0","348");
INSERT INTO database_3 VALUES("200567","HOÀNG THỊ MỸ NHÂN","10CD2","7.7","001","5.3","357","5.8","101","6.5","347");
INSERT INTO database_3 VALUES("200572","NGUYỄN THỊ PHƯƠNG OANH","10CD2","7.0","002","3.3","209","6.5","102","8.3","345");
INSERT INTO database_3 VALUES("200573","VÕ MỸ OANH","10CD2","8.0","003","5.3","132","6.2","103","6.3","346");
INSERT INTO database_3 VALUES("200577","NGUYỄN HỒ BÍCH PHƯƠNG","10CD2","8.7","003","6.3","132","7.8","103","6.3","346");
INSERT INTO database_3 VALUES("200580","ĐẶNG THỤC QUYÊN","10CD2","5.7","002","6.3","209","6.2","104","5.3","348");
INSERT INTO database_3 VALUES("200585","LƯU CAO SƠN","10CD2","8.0","003","4.7","132","2.5","101","5.3","347");
INSERT INTO database_3 VALUES("200586","NGUYỄN THỊ THANH TÂM","10CD2","8.7","004","6.3","485","6.5","101","5.5","347");
INSERT INTO database_3 VALUES("200588","NGUYỄN VĂN TOÀN","10CD2","7.3","002","7.7","209","5.2","104","6.3","348");
INSERT INTO database_3 VALUES("200593","TÔ VĂN THÀNH","10CD2","7.0","003","7.7","132","7.2","101","6.5","347");
INSERT INTO database_3 VALUES("200595","NGUYỄN THỊ THẢO","10CD2","7.3","001","6.0","357","7.2","104","6.0","348");
INSERT INTO database_3 VALUES("200601","NGUYỄN THỊ THU THỦY","10CD2","7.0","003","5.3","132","6.2","101","4.3","347");
INSERT INTO database_3 VALUES("200604","PHAN THỊ THANH THƯƠNG","10CD2","8.3","004","4.3","485","6.5","101","8.3","347");
INSERT INTO database_3 VALUES("200606","HỒ TRẦN THÙY TRANG","10CD2","3.3","002","4.7","209","3.8","102","5.3","345");
INSERT INTO database_3 VALUES("200608","TRỊNH HOÀNG ĐOAN TRANG","10CD2","4.0","004","3.0","485","4.2","103","5.5","346");
INSERT INTO database_3 VALUES("200610","HUỲNH THỊ KIỀU TRÂM","10CD2","5.7","002","3.7","209","7.2","104","5.3","348");
INSERT INTO database_3 VALUES("200611","NGUYỄN LÊ BẢO TRÂM","10CD2","7.0","001","5.7","357","5.2","102","5.0","345");
INSERT INTO database_3 VALUES("200615","NGUYỄN THỊ HUYỀN TRINH","10CD2","5.3","001","5.7","357","7.2","104","4.0","348");
INSERT INTO database_3 VALUES("200617","ĐOÀN THẾ TRÌNH","10CD2","7.0","003","5.7","132","6.5","101","6.5","347");
INSERT INTO database_3 VALUES("200622","NGUYỄN HOÀNG VI","10CD2","4.7","002","4.0","209","4.8","102","4.0","345");
INSERT INTO database_3 VALUES("200625","HOÀNG ĐỨC VY","10CD2","8.3","003","4.7","132","4.5","103","8.0","346");
INSERT INTO database_3 VALUES("200627","NGUYỄN PHẠM HUYỀN VY","10CD2","8.3","001","5.7","357","6.2","101","5.8","347");
INSERT INTO database_3 VALUES("200628","TRẦN LÊ VY","10CD2","8.3","001","5.3","357","5.5","101","6.3","347");
INSERT INTO database_3 VALUES("200630","VÕ LÊ HOÀNG YẾN","10CD2","6.7","002","5.7","209","8.2","102","4.8","345");
INSERT INTO database_3 VALUES("200512","NGUYỄN THỊ TRÚC CHI","10CD3","7.3","002","4.3","357","4.2","102","4.8","345");
INSERT INTO database_3 VALUES("200515","LÊ THỊ ÁI DIỆU","10CD3","7.7","001","8.0","485","5.5","104","4.3","348");
INSERT INTO database_3 VALUES("200516","NGUYỄN THỊ THÙY DUNG","10CD3","6.7","002","7.0","357","6.8","104","6.0","348");
INSERT INTO database_3 VALUES("200522","ĐẶNG THÙY DƯƠNG","10CD3","8.3","004","8.0","132","6.5","101","5.8","347");
INSERT INTO database_3 VALUES("200528","LÊ THU HẠ","10CD3","8.3","002","4.7","357","5.2","102","5.5","345");
INSERT INTO database_3 VALUES("200529","PHẠM LÊ HỒNG HẠNH","10CD3","8.0","003","4.3","209","6.8","101","5.0","347");
INSERT INTO database_3 VALUES("200530","TRỊNH ĐỨC HẠNH","10CD3","6.0","004","5.0","132","5.8","101","4.5","347");
INSERT INTO database_3 VALUES("200531","LÊ THỊ HOÀI HẢO","10CD3","4.7","001","2.3","357","4.2","101","4.5","348");
INSERT INTO database_3 VALUES("200533","TRẦN THỊ CẨM HẰNG","10CD3","8.0","003","6.0","132","6.8","102","6.0","346");
INSERT INTO database_3 VALUES("200535","LÊ TRUNG HẬU","10CD3","7.3","001","6.7","357","4.8","103","7.3","345");
INSERT INTO database_3 VALUES("200537","HUỲNH THỊ DIỆU HIỀN","10CD3","9.3","003","4.7","132","6.2","104","6.5","347");
INSERT INTO database_3 VALUES("200538","HUỲNH THỊ MỸ HIỀN","10CD3","7.0","004","5.3","485","4.2","101","8.5","348");
INSERT INTO database_3 VALUES("200539","NGUYỄN THỊ LỆ HIỀN","10CD3","6.0","004","5.3","209","5.5","101","4.3","348");
INSERT INTO database_3 VALUES("200541","PHAN THỊ NGỌC HIỀN","10CD3","9.7","002","6.0","132","5.2","102","5.8","346");
INSERT INTO database_3 VALUES("200544","KIỀU THỊ BÍCH HƯƠNG","10CD3","8.0","002","7.0","209","6.2","102","5.8","346");
INSERT INTO database_3 VALUES("200546","VÕ TẤN KIỆT","10CD3","8.3","003","5.7","485","4.2","101","5.8","348");
INSERT INTO database_3 VALUES("200547","VĂN THỊ ÁI LIÊN","10CD3","7.7","004","6.3","357","5.2","101","5.0","348");



/* PHP PV - Backup MySQL Database for table [database_4]
 Current time: 05:59:01 18/06/2013

 */
CREATE TABLE `database_4` (
  `sbd` varchar(10) NOT NULL,
  `hsname` varchar(255) NOT NULL,
  `class` varchar(10) NOT NULL,
  `sid1` varchar(10) NOT NULL,
  `md_sid1` varchar(10) DEFAULT NULL,
  `sid2` varchar(10) NOT NULL,
  `md_sid2` varchar(10) DEFAULT NULL,
  `sid3` varchar(10) NOT NULL,
  `md_sid3` varchar(10) DEFAULT NULL,
  `sid4` varchar(10) NOT NULL,
  `md_sid4` varchar(10) DEFAULT NULL,
  PRIMARY KEY (`sbd`)
) ENGINE=MyISAM DEFAULT CHARSET=utf8;

INSERT INTO database_4 VALUES("200507","LÊ NHẬT ANH","10CD1","9.7","001","8.7","485","9.2","104","8.8","348");
INSERT INTO database_4 VALUES("200508","ĐẶNG THỊ HOÀNG ANH","10CD1","7.0","002","7.3","357","6.2","104","8.0","348");
INSERT INTO database_4 VALUES("200509","NGUYỄN DƯƠNG THỤC ANH","10CD1","8.7","003","8.3","209","9.2","103","7.8","346");
INSERT INTO database_4 VALUES("200518","LÂM THỊ MỸ DUYÊN","10CD1","8.0","004","8.0","132","6.2","103","3.3","345");
INSERT INTO database_4 VALUES("200519","NGUYỄN HUỲNH NHƯ DUYÊN","10CD1","6.3","001","5.0","485","5.2","102","6.3","345");
INSERT INTO database_4 VALUES("200520","NGUYỄN VÕ QUỲNH DUYÊN","10CD1","6.0","002","5.0","357","5.2","102","6.3","345");
INSERT INTO database_4 VALUES("200524","NGUYỄN PHAN LINH ĐAN","10CD1","7.7","002","7.3","357","5.2","104","6.5","348");
INSERT INTO database_4 VALUES("200527","PHẠM BẢO HÀ","10CD1","6.3","001","5.3","485","7.5","102","4.0","345");
INSERT INTO database_4 VALUES("200545","NGUYỄN THỊ THU HƯƠNG","10CD1","8.7","002","5.3","132","4.2","104","7.5","347");
INSERT INTO database_4 VALUES("200549","DƯƠNG NGUYỄN THẢO LINH","10CD1","9.7","003","7.3","132","5.2","102","7.5","346");
INSERT INTO database_4 VALUES("200550","ĐỖ NGUYỄN HOÀNG LINH","10CD1","9.3","004","8.3","485","6.8","103","8.5","345");
INSERT INTO database_4 VALUES("200551","ĐỖ THỊ THÙY LINH","10CD1","10.0","001","8.0","357","8.2","103","7.8","345");
INSERT INTO database_4 VALUES("200552","LÊ HUỲNH KHÁNH LINH","10CD1","9.7","002","7.7","209","5.2","102","7.3","346");
INSERT INTO database_4 VALUES("200553","NGUYỄN THỊ THẢO LINH","10CD1","8.3","003","7.0","132","4.5","104","5.0","347");
INSERT INTO database_4 VALUES("200554","VÕ THỊ TRÚC LINH","10CD1","8.7","004","7.7","485","5.8","101","6.8","348");
INSERT INTO database_4 VALUES("200558","NGUYỄN THỊ THU NGA","10CD1","5.3","004","4.7","485","4.2","104","4.8","348");
INSERT INTO database_4 VALUES("200559","BÙI TRẦN PHƯƠNG NGÂN","10CD1","8.3","001","4.3","357","4.5","101","7.0","347");
INSERT INTO database_4 VALUES("200562","PHAN THỊ NGỌC NGHĨA","10CD1","8.0","004","4.3","485","5.5","104","7.0","348");
INSERT INTO database_4 VALUES("200568","HUỲNH THỊ HÀ NHI","10CD1","8.7","002","8.7","209","5.8","102","8.8","345");
INSERT INTO database_4 VALUES("200570","NGUYỄN THỊ HỒNG NHUNG","10CD1","9.0","004","9.0","485","7.5","104","8.8","348");
INSERT INTO database_4 VALUES("200575","NGUYỄN THỊ PHÚC","10CD1","10.0","001","8.7","357","8.8","101","6.8","347");
INSERT INTO database_4 VALUES("200578","NGUYỄN THỊ HỒNG PHƯƠNG","10CD1","4.3","004","5.3","485","5.2","104","3.8","348");
INSERT INTO database_4 VALUES("200579","LÊ THỊ KIM PHƯỢNG","10CD1","9.3","001","7.3","357","7.2","104","6.5","348");
INSERT INTO database_4 VALUES("200582","NGUYỄN HOÀNG NHƯ QUỲNH","10CD1","6.3","004","6.3","485","4.8","103","6.0","346");
INSERT INTO database_4 VALUES("200583","NGUYỄN LÊ BẢO QUỲNH","10CD1","9.0","001","8.0","357","7.8","102","8.5","345");
INSERT INTO database_4 VALUES("200594","NGUYỄN ĐẶNG THANH THẢO","10CD1","7.3","004","6.7","485","8.2","101","6.5","347");
INSERT INTO database_4 VALUES("200597","TRẦN THANH PHƯƠNG THẢO","10CD1","7.3","003","0.5","","6.5","103","8.3","346");
INSERT INTO database_4 VALUES("200612","PHẠM THỊ THÙY TRÂM","10CD1","","","4.7","485","4.5","101","7.5","347");
INSERT INTO database_4 VALUES("200613","NGUYỄN LÊ HUYỀN TRÂN","10CD1","7.7","003","7.0","132","6.5","103","6.8","346");
INSERT INTO database_4 VALUES("200616","TRẦN THỊ KIM TRINH","10CD1","7.7","004","6.0","485","5.8","103","7.3","346");
INSERT INTO database_4 VALUES("200618","HUỲNH GIA UYÊN","10CD1","8.0","002","7.0","209","4.5","104","9.3","348");
INSERT INTO database_4 VALUES("200619","PHẠM NGỌC VÂN UYÊN","10CD1","8.7","001","4.3","357","5.5","102","7.3","345");
INSERT INTO database_4 VALUES("200620","ĐẶNG THỊ THANH VÂN","10CD1","8.0","004","6.7","485","6.5","101","8.8","347");
INSERT INTO database_4 VALUES("200621","TRẦN THỊ ĐÀO VÂN","10CD1","5.3","003","5.7","132","4.5","103","5.5","346");
INSERT INTO database_4 VALUES("200624","HUỲNH THỊ YÊN VUI","10CD1","8.0","004","6.3","485","5.8","103","7.5","346");
INSERT INTO database_4 VALUES("200629","PHAN THỊ THANH XUÂN","10CD1","7.0","003","4.3","132","5.5","102","6.8","345");
INSERT INTO database_4 VALUES("200510","TRẦN THỊ KIM ANH","10CD2","6.7","004","7.0","132","5.8","103","5.0","346");
INSERT INTO database_4 VALUES("200511","PHAN KỲ BỬU","10CD2","8.7","001","8.3","485","6.8","102","7.8","345");
INSERT INTO database_4 VALUES("200513","LÊ NGỌC DÂN","10CD2","9.0","003","6.7","209","8.5","101","7.3","347");
INSERT INTO database_4 VALUES("200514","LÊ THỊ DIỄM","10CD2","8.3","004","6.3","132","9.2","101","5.5","347");
INSERT INTO database_4 VALUES("200517","DƯƠNG THỊ MỸ DUYÊN","10CD2","9.0","003","6.7","209","8.2","103","7.0","346");
INSERT INTO database_4 VALUES("200521","PHẠM ĐẬU ÁI DUYÊN","10CD2","8.3","003","3.3","209","7.2","101","6.3","347");
INSERT INTO database_4 VALUES("200523","NGUYỄN VĂN DƯƠNG","10CD2","7.0","001","5.0","485","4.5","104","5.0","348");
INSERT INTO database_4 VALUES("200525","NGUYỄN THÀNH ĐÔ","10CD2","8.3","003","7.7","209","8.2","103","5.5","346");
INSERT INTO database_4 VALUES("200526","NGUYỄN TRƯƠNG MẠNH GIANG","10CD2","5.7","004","6.3","132","4.5","103","6.5","346");
INSERT INTO database_4 VALUES("200532","NGUYỄN THỊ THU HẰNG","10CD2","5.3","002","5.0","209","4.2","104","4.3","347");
INSERT INTO database_4 VALUES("200534","NGUYỄN NGỌC HÂN","10CD2","8.3","004","4.7","485","5.8","103","5.0","345");
INSERT INTO database_4 VALUES("200536","ĐỖ NGỌC DIỆU HIỀN","10CD2","6.0","002","5.0","209","4.2","102","6.3","346");
INSERT INTO database_4 VALUES("200540","NGUYỄN THỊ THU HIỀN","10CD2","9.3","001","5.3","357","5.2","104","6.5","347");
INSERT INTO database_4 VALUES("200542","TRƯƠNG MỸ HOA","10CD2","7.3","003","6.7","485","5.2","103","5.5","345");
INSERT INTO database_4 VALUES("200543","THÂN TRỌNG HOÀNG","10CD2","6.0","001","6.7","357","5.5","103","4.3","345");
INSERT INTO database_4 VALUES("200548","CHU NGỌC THÙY LINH","10CD2","8.0","001","5.7","209","8.2","104","6.8","347");
INSERT INTO database_4 VALUES("200555","NGUYỄN THỊ TRÀ MY","10CD2","8.0","001","3.0","357","7.8","101","6.5","347");
INSERT INTO database_4 VALUES("200556","NGUYỄN THỊ TRÀ MY","10CD2","7.0","002","6.0","209","5.2","102","6.5","345");
INSERT INTO database_4 VALUES("200557","HUỲNH LÊ THẾ MỴ","10CD2","6.7","003","6.7","132","7.8","103","6.3","346");
INSERT INTO database_4 VALUES("200560","LÊ KIM NGÂN","10CD2","8.0","002","8.0","209","5.8","102","7.8","345");
INSERT INTO database_4 VALUES("200561","LÊ THỊ PHÚ NGÂN","10CD2","9.7","003","7.7","132","5.8","103","6.5","346");
INSERT INTO database_4 VALUES("200563","ĐÀO THỊ MỸ NGỌC","10CD2","8.7","001","5.7","357","5.8","101","7.0","347");
INSERT INTO database_4 VALUES("200564","TRẦN MINH NGUYỆT","10CD2","9.0","002","5.7","209","6.2","102","7.3","345");
INSERT INTO database_4 VALUES("200566","ĐỖ THỊ THANH NHÀN","10CD2","5.3","004","4.0","485","6.2","104","4.0","348");
INSERT INTO database_4 VALUES("200567","HOÀNG THỊ MỸ NHÂN","10CD2","7.7","001","5.3","357","5.8","101","6.5","347");
INSERT INTO database_4 VALUES("200572","NGUYỄN THỊ PHƯƠNG OANH","10CD2","7.0","002","3.3","209","6.5","102","8.3","345");
INSERT INTO database_4 VALUES("200573","VÕ MỸ OANH","10CD2","8.0","003","5.3","132","6.2","103","6.3","346");
INSERT INTO database_4 VALUES("200577","NGUYỄN HỒ BÍCH PHƯƠNG","10CD2","8.7","003","6.3","132","7.8","103","6.3","346");
INSERT INTO database_4 VALUES("200580","ĐẶNG THỤC QUYÊN","10CD2","5.7","002","6.3","209","6.2","104","5.3","348");
INSERT INTO database_4 VALUES("200585","LƯU CAO SƠN","10CD2","8.0","003","4.7","132","2.5","101","5.3","347");
INSERT INTO database_4 VALUES("200586","NGUYỄN THỊ THANH TÂM","10CD2","8.7","004","6.3","485","6.5","101","5.5","347");
INSERT INTO database_4 VALUES("200588","NGUYỄN VĂN TOÀN","10CD2","7.3","002","7.7","209","5.2","104","6.3","348");
INSERT INTO database_4 VALUES("200593","TÔ VĂN THÀNH","10CD2","7.0","003","7.7","132","7.2","101","6.5","347");
INSERT INTO database_4 VALUES("200595","NGUYỄN THỊ THẢO","10CD2","7.3","001","6.0","357","7.2","104","6.0","348");
INSERT INTO database_4 VALUES("200601","NGUYỄN THỊ THU THỦY","10CD2","7.0","003","5.3","132","6.2","101","4.3","347");
INSERT INTO database_4 VALUES("200604","PHAN THỊ THANH THƯƠNG","10CD2","8.3","004","4.3","485","6.5","101","8.3","347");
INSERT INTO database_4 VALUES("200606","HỒ TRẦN THÙY TRANG","10CD2","3.3","002","4.7","209","3.8","102","5.3","345");
INSERT INTO database_4 VALUES("200608","TRỊNH HOÀNG ĐOAN TRANG","10CD2","4.0","004","3.0","485","4.2","103","5.5","346");
INSERT INTO database_4 VALUES("200610","HUỲNH THỊ KIỀU TRÂM","10CD2","5.7","002","3.7","209","7.2","104","5.3","348");
INSERT INTO database_4 VALUES("200611","NGUYỄN LÊ BẢO TRÂM","10CD2","7.0","001","5.7","357","5.2","102","5.0","345");
INSERT INTO database_4 VALUES("200615","NGUYỄN THỊ HUYỀN TRINH","10CD2","5.3","001","5.7","357","7.2","104","4.0","348");
INSERT INTO database_4 VALUES("200617","ĐOÀN THẾ TRÌNH","10CD2","7.0","003","5.7","132","6.5","101","6.5","347");
INSERT INTO database_4 VALUES("200622","NGUYỄN HOÀNG VI","10CD2","4.7","002","4.0","209","4.8","102","4.0","345");
INSERT INTO database_4 VALUES("200625","HOÀNG ĐỨC VY","10CD2","8.3","003","4.7","132","4.5","103","8.0","346");
INSERT INTO database_4 VALUES("200627","NGUYỄN PHẠM HUYỀN VY","10CD2","8.3","001","5.7","357","6.2","101","5.8","347");
INSERT INTO database_4 VALUES("200628","TRẦN LÊ VY","10CD2","8.3","001","5.3","357","5.5","101","6.3","347");
INSERT INTO database_4 VALUES("200630","VÕ LÊ HOÀNG YẾN","10CD2","6.7","002","5.7","209","8.2","102","4.8","345");
INSERT INTO database_4 VALUES("200512","NGUYỄN THỊ TRÚC CHI","10CD3","7.3","002","4.3","357","4.2","102","4.8","345");
INSERT INTO database_4 VALUES("200515","LÊ THỊ ÁI DIỆU","10CD3","7.7","001","8.0","485","5.5","104","4.3","348");
INSERT INTO database_4 VALUES("200516","NGUYỄN THỊ THÙY DUNG","10CD3","6.7","002","7.0","357","6.8","104","6.0","348");
INSERT INTO database_4 VALUES("200522","ĐẶNG THÙY DƯƠNG","10CD3","8.3","004","8.0","132","6.5","101","5.8","347");
INSERT INTO database_4 VALUES("200528","LÊ THU HẠ","10CD3","8.3","002","4.7","357","5.2","102","5.5","345");
INSERT INTO database_4 VALUES("200529","PHẠM LÊ HỒNG HẠNH","10CD3","8.0","003","4.3","209","6.8","101","5.0","347");
INSERT INTO database_4 VALUES("200530","TRỊNH ĐỨC HẠNH","10CD3","6.0","004","5.0","132","5.8","101","4.5","347");
INSERT INTO database_4 VALUES("200531","LÊ THỊ HOÀI HẢO","10CD3","4.7","001","2.3","357","4.2","101","4.5","348");
INSERT INTO database_4 VALUES("200533","TRẦN THỊ CẨM HẰNG","10CD3","8.0","003","6.0","132","6.8","102","6.0","346");
INSERT INTO database_4 VALUES("200535","LÊ TRUNG HẬU","10CD3","7.3","001","6.7","357","4.8","103","7.3","345");
INSERT INTO database_4 VALUES("200537","HUỲNH THỊ DIỆU HIỀN","10CD3","9.3","003","4.7","132","6.2","104","6.5","347");
INSERT INTO database_4 VALUES("200538","HUỲNH THỊ MỸ HIỀN","10CD3","7.0","004","5.3","485","4.2","101","8.5","348");
INSERT INTO database_4 VALUES("200539","NGUYỄN THỊ LỆ HIỀN","10CD3","6.0","004","5.3","209","5.5","101","4.3","348");
INSERT INTO database_4 VALUES("200541","PHAN THỊ NGỌC HIỀN","10CD3","9.7","002","6.0","132","5.2","102","5.8","346");
INSERT INTO database_4 VALUES("200544","KIỀU THỊ BÍCH HƯƠNG","10CD3","8.0","002","7.0","209","6.2","102","5.8","346");
INSERT INTO database_4 VALUES("200546","VÕ TẤN KIỆT","10CD3","8.3","003","5.7","485","4.2","101","5.8","348");
INSERT INTO database_4 VALUES("200547","VĂN THỊ ÁI LIÊN","10CD3","7.7","004","6.3","357","5.2","101","5.0","348");



/* PHP PV - Backup MySQL Database for table [database_5]
 Current time: 05:59:01 18/06/2013

 */
CREATE TABLE `database_5` (
  `sbd` varchar(10) NOT NULL,
  `hsname` varchar(255) NOT NULL,
  `class` varchar(10) NOT NULL,
  `sid1` varchar(10) NOT NULL,
  `md_sid1` varchar(10) DEFAULT NULL,
  `sid2` varchar(10) NOT NULL,
  `md_sid2` varchar(10) DEFAULT NULL,
  `sid3` varchar(10) NOT NULL,
  `md_sid3` varchar(10) DEFAULT NULL,
  `sid4` varchar(10) NOT NULL,
  `md_sid4` varchar(10) DEFAULT NULL,
  PRIMARY KEY (`sbd`)
) ENGINE=MyISAM DEFAULT CHARSET=utf8;

INSERT INTO database_5 VALUES("200008","LÊ NGUYỄN HỒNG ÂN","11 TH2","8.7","357","10","485","8","654","","");
INSERT INTO database_5 VALUES("200009","TRƯƠNG TIẾN BÁCH","11 TH2","6.7","209","7.7","357","8","456","","");
INSERT INTO database_5 VALUES("200031","VÕ MINH CHÂU","11 TH2","7.7","209","8.7","209","6.3","321","","");
INSERT INTO database_5 VALUES("200038","TRƯƠNG CÔNG DANH","11 TH2","6.3","132","3.7","132","1.8","123","","");
INSERT INTO database_5 VALUES("200053","VÕ NHẬT DUY","11 TH2","6.3","132","8.3","357","7.5","456","","");
INSERT INTO database_5 VALUES("200057","HUỲNH PHAN ÁNH DUYÊN","11 TH2","7.7","132","5.7","132","7.5","123","","");
INSERT INTO database_5 VALUES("200073","PHẠM TIẾN ĐẠT","11 TH2","6","132","5.3","132","4.5","123","","");
INSERT INTO database_5 VALUES("200144","NGUYỄN THỊ NHƯ HUỲNH","11 TH2","5","485","4.7","132","4.3","123","","");
INSERT INTO database_5 VALUES("200159","DIỆP ÁI KHÁNH","11 TH2","8.7","485","8","357","5.3","456","","");
INSERT INTO database_5 VALUES("200161","NGÔ HUỲNH NGỌC KHÁNH","11 TH2","9","485","9.3","209","8","321","","");
INSERT INTO database_5 VALUES("200190","TRẦN THỊ NGỌC LOAN","11 TH2","5","132","6.3","209","6.3","321","","");
INSERT INTO database_5 VALUES("200191","VÕ THỊ QUỲNH LOAN","11 TH2","9","485","5","132","7","123","","");
INSERT INTO database_5 VALUES("200222","PHẠM TRÍ NGHĨA","11 TH2","7.7","485","9","357","7.8","456","","");
INSERT INTO database_5 VALUES("200224","LÂM HỒNG NGỌC","11 TH2","8.7","485","9","209","7.5","321","","");
INSERT INTO database_5 VALUES("200255","NGUYỄN THỊ YẾN NHƯ","11 TH2","6.7","357","8.7","132","6.5","123","","");
INSERT INTO database_5 VALUES("200259","NGUYỄN HỮU PHÁN","11 TH2","7.3","132","7.3","485","4.3","654","","");
INSERT INTO database_5 VALUES("200275","VÕ THỊ TUYẾT QUA","11 TH2","6.7","357","7.3","485","6","654","","");
INSERT INTO database_5 VALUES("200276","LƯƠNG ĐÌNH QUANG","11 TH2","5.3","209","4.7","209","3.3","321","","");
INSERT INTO database_5 VALUES("200286","NGUYỄN VƯƠNG HẠ QUỲNH","11 TH2","7.7","209","6.7","209","7.3","123","","");
INSERT INTO database_5 VALUES("200293","PHẠM XUÂN SƠN","11 TH2","3.7","485","6","485","5.8","654","","");
INSERT INTO database_5 VALUES("200296","NGUYỄN THỊ THU SƯƠNG","11 TH2","7.3","132","7.7","357","7.8","456","","");
INSERT INTO database_5 VALUES("200301","PHAN CHÍ TÀI","11 TH2","8.3","485","8.7","209","6.3","321","","");
INSERT INTO database_5 VALUES("200308","HUỲNH TẤN MINH TÂN","11 TH2","8.3","357","6.3","132","5.5","123","","");
INSERT INTO database_5 VALUES("200330","LÊ ANH TUẤN","11 TH2","5","132","5.7","357","5.8","456","","");
INSERT INTO database_5 VALUES("200339","NGUYỄN MẠNH TƯỜNG","11 TH2","5.3","209","5","357","3.8","456","","");
INSERT INTO database_5 VALUES("200345","HUỲNH THỊ NGỌC THẢO","11 TH2","8","132","5.7","132","7.5","123","","");
INSERT INTO database_5 VALUES("200348","LÊ THỊ THU THẢO","11 TH2","3.7","485","2","485","4","654","","");
INSERT INTO database_5 VALUES("200351","NGUYỄN VŨ MINH THẢO","11 TH2","9","132","9.7","357","7.5","456","","");
INSERT INTO database_5 VALUES("200360","LÊ VĂN QUỐC THIÊN","11 TH2","4.3","357","6.3","485","5.8","654","","");
INSERT INTO database_5 VALUES("200362","QUÁCH GIA THIÊN","11 TH2","7.3","357","8","209","6.5","321","","");
INSERT INTO database_5 VALUES("200365","NGUYỄN VĂN THỊNH","11 TH2","4.7","132","6","209","5","321","","");
INSERT INTO database_5 VALUES("200383","PHẠM THỊ HỒNG THỦY","11 TH2","4.3","132","6.3","132","6","123","","");
INSERT INTO database_5 VALUES("200403","ĐẶNG BẢO TRÂM","11 TH2","5.7","132","5.7","132","6","123","","");
INSERT INTO database_5 VALUES("200421","LÊ THỊ THỤC TRINH","11 TH2","6","132","7.7","132","6","123","","");
INSERT INTO database_5 VALUES("200426","HUỲNH LÊ TRỌNG","11 TH2","6","209","5.7","132","5.8","123","","");
INSERT INTO database_5 VALUES("200431","NGUYỄN VĂN TRƯỜNG","11 TH2","6","357","6.7","485","5.3","654","","");
INSERT INTO database_5 VALUES("200441","TRẦN THÙY VÂN","11 TH2","8.7","357","7.3","209","7","321","","");
INSERT INTO database_5 VALUES("200442","NGUYỄN ĐỨC VỆ","11 TH2","6","485","6.7","209","5.8","321","","");
INSERT INTO database_5 VALUES("200443","BÙI THỊ TƯỜNG VI","11 TH2","6.7","209","5.7","209","4.3","123","","");
INSERT INTO database_5 VALUES("200451","NGÔ HOÀNG VIỆT","11 TH2","5.3","485","5.7","209","5.8","123","","");
INSERT INTO database_5 VALUES("200456","NGUYỄN ĐĂNG VŨ","11 TH2","7.7","132","8.3","209","8.5","123","","");
INSERT INTO database_5 VALUES("200457","NGUYỄN THỊ KIỀU VƯƠNG","11 TH2","5.7","485","4.7","357","3.3","321","","");
INSERT INTO database_5 VALUES("200458","ĐINH NGUYỄN HẢI VY","11 TH2","5.3","132","6","132","6","654","","");
INSERT INTO database_5 VALUES("200462","TRỊNH PHƯƠNG TƯỜNG VY","11 TH2","8.7","357","7.7","132","8.8","456","","");
INSERT INTO database_5 VALUES("200466","LÂM HẢI YẾN","11 TH2","4","357","4.3","132","4.8","654","","");
INSERT INTO database_5 VALUES("200468","LÊ PHÚC TÂM ANH","11CD1","9.3","468","6","101","8.3","456","","");
INSERT INTO database_5 VALUES("200469","LÊ THỊ YẾN ANH","11CD1","6.7","123","6.7","202","9.3","654","","");
INSERT INTO database_5 VALUES("200472","LƯƠNG QUANG BÌNH","11CD1","4.7","468","6.7","101","6.8","456","","");
INSERT INTO database_5 VALUES("200482","PHẠM NGỌC ANH DUYÊN","11CD1","6.7","243","6.3","202","9.5","654","","");
INSERT INTO database_5 VALUES("200484","TRÌNH ÁI DUYÊN","11CD1","6.7","243","4","303","9.3","123","","");
INSERT INTO database_5 VALUES("200494","TRẦN THỊ THU HÀ","11CD1","8","468","6.7","404","6.8","321","","");
INSERT INTO database_5 VALUES("200495","VÕ LÊ HỒNG HẠNH","11CD1","6.7","123","6.7","303","8.8","123","","");
INSERT INTO database_5 VALUES("200497","LƯƠNG THỊ NGỌC HÂN","11CD1","7","318","6.7","202","7.3","654","","");
INSERT INTO database_5 VALUES("200505","NGUYỄN THỊ HUỆ","11CD1","7.7","318","6","404","8.3","321","","");
INSERT INTO database_5 VALUES("200508","TRẦN MINH HUY","11CD1","6.3","243","9","303","8.5","123","","");
INSERT INTO database_5 VALUES("200510","NGUYỄN XUÂN KHANG","11CD1","6","468","9","202","6.3","654","","");
INSERT INTO database_5 VALUES("200512","NGUYỄN THỊ TRÚC LAM","11CD1","8.7","468","7","303","7.3","123","","");
INSERT INTO database_5 VALUES("200513","LÊ THỊ KHÁNH LINH","11CD1","6.7","123","7.3","404","7.8","321","","");
INSERT INTO database_5 VALUES("200514","NGUYỄN ĐẶNG THUỲ LINH","11CD1","9","468","8.3","202","8","654","","");
INSERT INTO database_5 VALUES("200516","LÊ THỊ KIM LY","11CD1","5.7","123","7.7","101","8","456","","");
INSERT INTO database_5 VALUES("200518","NGUYỄN NGỌC MAI","11CD1","8.3","123","5.7","404","8.8","321","","");
INSERT INTO database_5 VALUES("200519","ĐỖ HIẾU MINH","11CD1","9","468","7.7","303","7.5","123","","");
INSERT INTO database_5 VALUES("200520","ĐẶNG THỊ TIỂU MY","11CD1","7","123","7.7","101","5.8","456","","");
INSERT INTO database_5 VALUES("200522","LÊ THỊ THU NGÂN","11CD1","7","318","6.3","404","8.5","321","","");
INSERT INTO database_5 VALUES("200524","PHẠM ĐĂNG NGUYÊN","11CD1","5.3","318","3.7","101","8.3","456","","");
INSERT INTO database_5 VALUES("200525","ĐẶNG THỊ HOÀI NHA","11CD1","8.7","243","6.3","202","9.5","654","","");
INSERT INTO database_5 VALUES("200526","PHẠM ÁI NHÂN","11CD1","4.3","318","5.7","404","6.5","321","","");
INSERT INTO database_5 VALUES("200529","NGUYỄN THỊ NHUNG","11CD1","8.7","243","7.7","404","8.8","321","","");
INSERT INTO database_5 VALUES("200531","PHẠM HOÀNG QUỲNH NHƯ","11CD1","5.3","243","7","101","7.8","456","","");
INSERT INTO database_5 VALUES("200532","VÕ NGUYỄN TIỂU PHỤNG","11CD1","6.3","318","5","303","5.5","123","","");
INSERT INTO database_5 VALUES("200536","NGUYỄN THỊ KIM QUYÊN","11CD1","5.7","123","6.3","303","6.3","123","","");
INSERT INTO database_5 VALUES("200537","NGUYỄN TRÚC QUỲNH","11CD1","6.3","468","5","404","7.3","321","","");
INSERT INTO database_5 VALUES("200538","PHẠM HỒ TRÚC QUỲNH","11CD1","8","123","7","202","7.8","654","","");
INSERT INTO database_5 VALUES("200540","LƯƠNG NGỌC THANH TÂM","11CD1","7","123","8.3","404","9.3","321","","");
INSERT INTO database_5 VALUES("200542","PHẠM THỊ TÂM","11CD1","4.7","123","4.3","101","6.5","456","","");
INSERT INTO database_5 VALUES("200544","NGUYỄN THỦY TIÊN","11CD1","8.7","123","6.3","404","6.3","321","","");
INSERT INTO database_5 VALUES("200553","LÊ PHƯƠNG THẢO","11CD1","6.7","243","8","101","9","456","","");
INSERT INTO database_5 VALUES("200559","NGUYỄN THỊ KIM THOA","11CD1","7.3","468","6.3","404","6.3","321","","");
INSERT INTO database_5 VALUES("200560","NGUYỄN TRẦN BẢO THU","11CD1","6.7","123","3.3","202","4.5","654","","");
INSERT INTO database_5 VALUES("200564","NGUYỄN THỊ ANH THƯ","11CD1","6.7","123","3.7","101","9","456","","");
INSERT INTO database_5 VALUES("200567","LÊ THỊ THÙY TRANG","11CD1","7","468","6.3","303","8.3","123","","");
INSERT INTO database_5 VALUES("200569","HỒ THỊ LỆ TRÂN","11CD1","7","243","5.7","202","6","654","","");
INSERT INTO database_5 VALUES("200572","HÀ THỊ MỸ TRINH","11CD1","8","318","7","101","9.3","456","","");
INSERT INTO database_5 VALUES("200577","TRẦN ĐÀO THIÊN VÂN","11CD1","7.3","243","3","404","7.8","321","","");
INSERT INTO database_5 VALUES("200578","TRẦN THỊ LÊ VÂN","11CD1","8.3","318","7.7","202","8.5","654","","");
INSERT INTO database_5 VALUES("200584","TRƯƠNG DIỄM QUỲNH XUÂN","11CD1","8.7","123","7.7","303","9","123","","");
INSERT INTO database_5 VALUES("200585","CÔNG THỊ NHƯ Ý","11CD1","7.7","468","5","404","7.5","321","","");
INSERT INTO database_5 VALUES("200474","HUỲNH THỊ KIM CÚC","11CD2","5","243","4.3","404","8","321","","");
INSERT INTO database_5 VALUES("200476","NGUYỄN NHƯ DIỆP","11CD2","6","243","4.7","101","8.5","456","","");
INSERT INTO database_5 VALUES("200478","NGUYỄN THỊ HỒNG DUNG","11CD2","5.7","243","3.3","404","8.3","321","","");
INSERT INTO database_5 VALUES("200480","TRẦN THỊ KHÁNH DUNG","11CD2","4.3","243","3.7","303","8.3","123","","");
INSERT INTO database_5 VALUES("200481","NGÔ THỊ MỸ DUYÊN","11CD2","6","318","4.3","404","5.3","321","","");
INSERT INTO database_5 VALUES("200486","NGUYỄN THỊ TÂM ĐAN","11CD2","6.7","468","7.3","202","7.3","654","","");
INSERT INTO database_5 VALUES("200487","NGUYỄN THỤC ĐAN","11CD2","7","123","5","101","8","456","","");
INSERT INTO database_5 VALUES("200488","VÕ THỊ VÂN ĐAN","11CD2","4","468","2.7","303","5.5","123","","");
INSERT INTO database_5 VALUES("200489","NGUYỄN THỊ ĐIỆP","11CD2","6","123","5.7","404","5.3","321","","");
INSERT INTO database_5 VALUES("200491","LÊ THỊ HỒNG GẤM","11CD2","3.7","123","4","303","4","123","","");
INSERT INTO database_5 VALUES("200492","TRƯƠNG LÊ NGỌC GIANG","11CD2","7.7","468","7","101","7","456","","");
INSERT INTO database_5 VALUES("200498","TRẦN THỊ NGỌC HÂN","11CD2","7","243","6.7","404","8","321","","");
INSERT INTO database_5 VALUES("200499","NGÔ THỊ NGỌC HIỀN","11CD2","5.3","318","4.7","303","9","123","","");



/* PHP PV - Backup MySQL Database for table [db_info]
 Current time: 05:59:01 18/06/2013

 */
CREATE TABLE `db_info` (
  `id` int(11) NOT NULL AUTO_INCREMENT,
  `name` varchar(1000) NOT NULL,
  `year` varchar(1000) NOT NULL,
  `subject` varchar(1000) NOT NULL,
  `row_count` int(11) NOT NULL,
  `comment` varchar(1000) DEFAULT '[No comment]',
  `time` varchar(100) NOT NULL,
  PRIMARY KEY (`id`)
) ENGINE=MyISAM AUTO_INCREMENT=6 DEFAULT CHARSET=utf8;

INSERT INTO db_info VALUES("1","kscl anh","2012-2013","Vật lí|Hóa học","100","232","05:45:41 18/06/2013");
INSERT INTO db_info VALUES("2","sfhdfh","2012-2013","Vật lí|Hóa học|Sinh học","100","232","05:53:06 18/06/2013");
INSERT INTO db_info VALUES("3","sfhdfh","dfhdfh","Vật lí|Hóa học|Sinh học|Anh văn","100","232","05:57:05 18/06/2013");
INSERT INTO db_info VALUES("4","sfhdfh","dfhdfh","Vật lí|Hóa học|Sinh học|Anh văn","100","232","05:57:19 18/06/2013");
INSERT INTO db_info VALUES("5","sfhdfh","dfhdfh","Vật lí|Hóa học|Sinh học|Anh văn","100","232","05:57:30 18/06/2013");



/* PHP PV - Backup MySQL Database for table [log]
 Current time: 05:59:01 18/06/2013

 */
CREATE TABLE `log` (
  `id` int(11) NOT NULL AUTO_INCREMENT,
  `act` varchar(100) NOT NULL,
  `act_info` varchar(1000) DEFAULT '[No info]',
  `ip` varchar(40) NOT NULL,
  `time` varchar(100) NOT NULL,
  PRIMARY KEY (`id`)
) ENGINE=MyISAM AUTO_INCREMENT=31 DEFAULT CHARSET=utf8;

INSERT INTO log VALUES("1","USERS LOGIN","Tên tài khoản: [admin]","127.0.0.1","05:45:17 18/06/2013");
INSERT INTO log VALUES("2","DATABASE UPDATED","Tên file: [HKII_Anh11.xls], Kích thước: [127 KB], Tên cơ sở dữ liệu: [kscl anh], Năm học: [2012-2013], Ghi chú: [232], Môn học: [Vật lí|Hóa học]","127.0.0.1","05:45:41 18/06/2013");
INSERT INTO log VALUES("3","VIEW DATABASE","Database ID: [1]","127.0.0.1","05:45:55 18/06/2013");
INSERT INTO log VALUES("4","DATABASE UPDATED","Tên file: [KSCL11_2.xls], Kích thước: [133 KB], Tên cơ sở dữ liệu: [kscl anh], Năm học: [2012-2013], Ghi chú: [232], Môn học: [Vật lí|Hóa học]","127.0.0.1","05:47:13 18/06/2013");
INSERT INTO log VALUES("5","VIEW DATABASE","Database ID: [1]","127.0.0.1","05:47:26 18/06/2013");
INSERT INTO log VALUES("6","DATABASE UPDATED","Tên file: [KSCL11_1.xls], Kích thước: [206 KB], Tên cơ sở dữ liệu: [kscl anh], Năm học: [2012-2013], Ghi chú: [232], Môn học: [Vật lí|Hóa học]","127.0.0.1","05:48:09 18/06/2013");
INSERT INTO log VALUES("7","DATABASE UPDATED","Tên file: [KSCL12_1.xls], Kích thước: [175 KB], Tên cơ sở dữ liệu: [kscl anh], Năm học: [2012-2013], Ghi chú: [232], Môn học: [Vật lí|Hóa học]","127.0.0.1","05:48:50 18/06/2013");
INSERT INTO log VALUES("8","DATABASE UPDATED","Tên file: [HKI_12.xls], Kích thước: [148 KB], Tên cơ sở dữ liệu: [kscl anh], Năm học: [2012-2013], Ghi chú: [232], Môn học: [Vật lí|Hóa học]","127.0.0.1","05:49:38 18/06/2013");
INSERT INTO log VALUES("9","DATABASE UPDATED","Tên file: [KSCL11_2.xls], Kích thước: [133 KB], Tên cơ sở dữ liệu: [kscl anh], Năm học: [2012-2013], Ghi chú: [232], Môn học: [Vật lí|Hóa học]","127.0.0.1","05:50:05 18/06/2013");
INSERT INTO log VALUES("10","VIEW DATABASE","Database ID: [1]","127.0.0.1","05:50:08 18/06/2013");
INSERT INTO log VALUES("11","DATABASE UPDATED","Tên file: [KSCL12_1.xls], Kích thước: [175 KB], Tên cơ sở dữ liệu: [kscl anh], Năm học: [2012-2013], Ghi chú: [232], Môn học: [Vật lí|Hóa học]","127.0.0.1","05:50:15 18/06/2013");
INSERT INTO log VALUES("12","DATABASE UPDATED","Tên file: [HKI_11.xls], Kích thước: [145 KB], Tên cơ sở dữ liệu: [kscl anh], Năm học: [2012-2013], Ghi chú: [232], Môn học: [Vật lí|Hóa học|Sinh học]","127.0.0.1","05:50:52 18/06/2013");
INSERT INTO log VALUES("13","DATABASE UPDATED","Tên file: [KSCL12_1.xls], Kích thước: [175 KB], Tên cơ sở dữ liệu: [sfhdfh], Năm học: [2012-2013], Ghi chú: [232], Môn học: [Vật lí|Hóa học|Sinh học]","127.0.0.1","05:52:48 18/06/2013");
INSERT INTO log VALUES("14","DATABASE UPDATED","Tên file: [KSCL12_1.xls], Kích thước: [175 KB], Tên cơ sở dữ liệu: [sfhdfh], Năm học: [2012-2013], Ghi chú: [232], Môn học: [Vật lí|Hóa học|Sinh học]","127.0.0.1","05:53:06 18/06/2013");
INSERT INTO log VALUES("15","VIEW DATABASE","Database ID: [2]","127.0.0.1","05:53:13 18/06/2013");
INSERT INTO log VALUES("16","DATABASE UPDATED","Tên file: [HKI_11.xls], Kích thước: [145 KB], Tên cơ sở dữ liệu: [sfhdfh], Năm học: [2012-2013], Ghi chú: [232], Môn học: [Vật lí|Hóa học|Sinh học|Anh văn]","127.0.0.1","05:53:22 18/06/2013");
INSERT INTO log VALUES("17","VIEW DATABASE","Database ID: [2]","127.0.0.1","05:53:24 18/06/2013");
INSERT INTO log VALUES("18","DATABASE UPDATED","Tên file: [HKI_10.xls], Kích thước: [152 KB], Tên cơ sở dữ liệu: [sfhdfh], Năm học: [2012-2013], Ghi chú: [232], Môn học: [Vật lí|Hóa học|Sinh học]","127.0.0.1","05:53:49 18/06/2013");
INSERT INTO log VALUES("19","VIEW DATABASE","Database ID: [2]","127.0.0.1","05:53:53 18/06/2013");
INSERT INTO log VALUES("20","DATABASE UPDATED","Tên file: [HKI_10.xls], Kích thước: [152 KB], Tên cơ sở dữ liệu: [sfhdfh], Năm học: [2012-2013], Ghi chú: [232], Môn học: [Vật lí|Hóa học|Sinh học|Anh văn]","127.0.0.1","05:54:01 18/06/2013");
INSERT INTO log VALUES("21","VIEW DATABASE","Database ID: [2]","127.0.0.1","05:54:03 18/06/2013");
INSERT INTO log VALUES("22","DATABASE UPDATED","Tên file: [HKI_10.xls], Kích thước: [152 KB], Tên cơ sở dữ liệu: [sfhdfh], Năm học: [dfhdfh], Ghi chú: [232], Môn học: [Vật lí|Hóa học|Sinh học|Anh văn]","127.0.0.1","05:57:05 18/06/2013");
INSERT INTO log VALUES("23","VIEW DATABASE","Database ID: [3]","127.0.0.1","05:57:07 18/06/2013");
INSERT INTO log VALUES("24","DATABASE UPDATED","Tên file: [HKI_10.xls], Kích thước: [152 KB], Tên cơ sở dữ liệu: [sfhdfh], Năm học: [dfhdfh], Ghi chú: [232], Môn học: [Vật lí|Hóa học|Sinh học|Anh văn]","127.0.0.1","05:57:19 18/06/2013");
INSERT INTO log VALUES("25","VIEW DATABASE","Database ID: [4]","127.0.0.1","05:57:22 18/06/2013");
INSERT INTO log VALUES("26","DATABASE UPDATED","Tên file: [KSCL11_1.xls], Kích thước: [206 KB], Tên cơ sở dữ liệu: [sfhdfh], Năm học: [dfhdfh], Ghi chú: [232], Môn học: [Vật lí|Hóa học|Sinh học|Anh văn]","127.0.0.1","05:57:30 18/06/2013");
INSERT INTO log VALUES("27","VIEW DATABASE","Database ID: [5]","127.0.0.1","05:57:32 18/06/2013");
INSERT INTO log VALUES("28","USERS LOGIN","Tên tài khoản: [admin]","127.0.0.1","05:58:46 18/06/2013");
INSERT INTO log VALUES("29","BACKUP DATABASE","Định dạng sao lưu: [gz], Nơi lưu trữ: [online], Phạm vi sao lưu: [structure and data], Nội dung sao lưu: [*]","127.0.0.1","05:58:57 18/06/2013");
INSERT INTO log VALUES("30","BACKUP DATABASE","Định dạng sao lưu: [sql], Nơi lưu trữ: [online], Phạm vi sao lưu: [structure and data], Nội dung sao lưu: [*]","127.0.0.1","05:59:00 18/06/2013");



/* PHP PV - Backup MySQL Database for table [log_ip]
 Current time: 05:59:01 18/06/2013

 */
CREATE TABLE `log_ip` (
  `id` int(11) NOT NULL AUTO_INCREMENT,
  `ip` varchar(40) NOT NULL,
  `time` varchar(100) NOT NULL,
  PRIMARY KEY (`id`)
) ENGINE=MyISAM AUTO_INCREMENT=2 DEFAULT CHARSET=utf8;

INSERT INTO log_ip VALUES("1","127.0.0.1","05:58:42 18/06/2013");



/* PHP PV - Backup MySQL Database for table [setting]
 Current time: 05:59:01 18/06/2013

 */
CREATE TABLE `setting` (
  `id` int(11) NOT NULL AUTO_INCREMENT,
  `name` varchar(200) NOT NULL,
  `description` varchar(1000) DEFAULT NULL,
  `value` varchar(1000) NOT NULL,
  `updated` varchar(100) DEFAULT NULL,
  PRIMARY KEY (`id`),
  UNIQUE KEY `id` (`id`),
  UNIQUE KEY `name` (`name`)
) ENGINE=MyISAM AUTO_INCREMENT=20 DEFAULT CHARSET=utf8;

INSERT INTO setting VALUES("1","RUNTIME_SQL_QUERY","Cho phép gửi truy vấn SQL","1","05:44:56 18/06/2013");
INSERT INTO setting VALUES("2","RUNTIME_OPTIMIZE_OUTPUT","Giản lược tối đa dữ liệu đầu ra của website","1","05:44:56 18/06/2013");
INSERT INTO setting VALUES("3","RUNTIME_DEV_MODE","Chế độ phát triển, chỉ bật khi debug lỗi","0","05:44:56 18/06/2013");
INSERT INTO setting VALUES("4","RUNTIME_STOP_COUNT","Ngừng bộ đếm truy cập, sử dụng khi có người cố tình phá hoại hoặc làm sai lệch bộ đếm truy cập","0","05:44:56 18/06/2013");
INSERT INTO setting VALUES("5","RUNTIME_GET_HS_DTB_0","Tính luôn học sinh bị điểm 0 (có thể do không kiểm tra) khi xếp hạng lớp","0","05:44:56 18/06/2013");
INSERT INTO setting VALUES("6","RUNTIME_MOBILE_DETECT","Sử dụng giao diện cho thiết bị di động","auto","05:44:56 18/06/2013");
INSERT INTO setting VALUES("7","UPLOAD_FNAME_RANDOM","Đặt một tên ngẫu nhiên cho các file cơ sở dữ liệu được người dùng download","0","05:44:56 18/06/2013");
INSERT INTO setting VALUES("8","UPLOAD_FNAME_APPEND_STRING","Thêm chuỗi ngẫu nhiên vào sau tên file cơ sở dữ liệu được upload lên","","05:44:56 18/06/2013");
INSERT INTO setting VALUES("9","UPLOAD_FOLDER","Thư mục chứa cơ sở dữ liệu đã được upload","upload/","05:44:56 18/06/2013");
INSERT INTO setting VALUES("10","DOWNLOAD_ALLOW_REFERRER","Cho phép referrer","0","05:44:56 18/06/2013");
INSERT INTO setting VALUES("11","SETUP_DB_MAX_FILE_SIZE","Kích thước tối đa của file chứa cơ sở dữ liệu. Tính bằng Kilobyte. Kích thước này phải nhỏ hơn kích thước file tối đa được upload mà server cho phép","1500","05:44:56 18/06/2013");
INSERT INTO setting VALUES("12","NOTICE_RIGHT_BOX","Thông báo dưới bảng nhỏ","Chức năng mới - <a href=\"student.php\">Xem kết quả học tập</a>","05:44:56 18/06/2013");
INSERT INTO setting VALUES("13","NOTICE_MARQUEE","Thông báo chữ chạy","Chức năng mới - <a href=\"student.php\">Xem kết quả học tập</a>","05:44:56 18/06/2013");
INSERT INTO setting VALUES("14","MAIL_SMTP_USERNAME","Tên đăng nhập dịch vụ JangoSMTP","quocbao9996","05:44:56 18/06/2013");
INSERT INTO setting VALUES("15","MAIL_SMTP_PASSWORD","Mật khẩu dịch vụ JangoSMTP","Admin2355","05:44:56 18/06/2013");
INSERT INTO setting VALUES("16","MAIL_FROM_ADDRESS","Địa chỉ mail người gửi","phppv.quocbao747@gmail.com","05:44:56 18/06/2013");
INSERT INTO setting VALUES("17","MAIL_FROM_NAME","Tên người gửi mail","PHPPV Mailer","05:44:56 18/06/2013");
INSERT INTO setting VALUES("18","MAIL_DES_ADDRESS","Địa chỉ mail người nhận","quocbao747@gmail.com","05:44:56 18/06/2013");
INSERT INTO setting VALUES("19","MAIL_DES_NAME","Tên người nhận mail","quocbao9996","05:44:56 18/06/2013");



/* PHP PV - Backup MySQL Database for table [users]
 Current time: 05:59:01 18/06/2013

 */
CREATE TABLE `users` (
  `id` int(11) NOT NULL AUTO_INCREMENT,
  `username` varchar(100) NOT NULL,
  `password` varchar(100) NOT NULL,
  `add_by` varchar(100) NOT NULL,
  `time` varchar(100) NOT NULL,
  PRIMARY KEY (`id`)
) ENGINE=MyISAM AUTO_INCREMENT=2 DEFAULT CHARSET=utf8;

INSERT INTO users VALUES("1","admin","21232f297a57a5a743894a0e4a801fc3","[Installer]","05:44:56 18/06/2013");



